run,arm,bits,seed,reference,accuracy,n,reference_errors,candidate_errors,shared_errors,error_jaccard,predictions_differ,reference_right_candidate_wrong,candidate_right_reference_wrong,mean_iou,emd_layer1,emd_layer2,emd_layer3,emd_layer4
qat_w2u2_112px_seed1234,joint,2,1234,fp32_112px_seed1234,0.6655052264808362,1435,24,480,22,0.04564315352697095,473,458,2,0.20320936592246808,0.03650372639528372,0.10784947437979985,0.21537900874635565,0.0360569818628671
qat_w2u2_112px_seed2345,joint,2,2345,fp32_112px_seed2345,0.443205574912892,1435,26,799,22,0.0273972602739726,799,777,4,0.39052076343858244,0.07391193799220473,0.14539802473689825,0.08155682936828913,0.041290462450224
qat_w2u2_112px_seed3456,joint,2,3456,fp32_112px_seed3456,0.445993031358885,1435,22,795,18,0.02252816020025031,796,777,4,0.20915235939913399,0.04054203940804327,0.1382628409323224,0.18469044017323832,0.02680661632030861
qat_w2ux_112px_seed1234,weight-only,2,1234,fp32_112px_seed1234,0.6682926829268293,1435,24,476,22,0.04602510460251046,469,454,2,0.27086231806010935,0.04320740818104245,0.11714202939451042,0.21538666125204436,0.03236344652190144
qat_w2ux_112px_seed2345,weight-only,2,2345,fp32_112px_seed2345,0.4445993031358885,1435,26,797,22,0.02746566791510612,797,775,4,0.3895141808279561,0.07157835256135336,0.12930318727556353,0.08795024788007537,0.03408620471272133
qat_w2ux_112px_seed3456,weight-only,2,3456,fp32_112px_seed3456,0.4418118466898955,1435,22,801,18,0.02236024844720497,803,783,4,0.36182568963918565,0.04034852545520603,0.10171824099032035,0.1407238992613596,0.017122210654732278
qat_w4u4_112px_seed1234,joint,4,1234,fp32_112px_seed1234,0.9846689895470383,1435,24,22,18,0.6428571428571429,10,4,6,0.6534230363861617,0.007784287461445815,0.005579655778905639,0.021577080037154237,0.013024050811526702
qat_w4u4_112px_seed2345,joint,4,2345,fp32_112px_seed2345,0.9818815331010453,1435,26,26,20,0.625,14,6,6,0.7577497247046573,0.015189406112782657,0.026054625696641902,0.036933499308913466,0.03490438395523715
qat_w4u4_112px_seed3456,joint,4,3456,fp32_112px_seed3456,0.98397212543554,1435,22,23,17,0.6071428571428571,12,6,5,0.7299466416631363,0.008601244525194661,0.013291968368902438,0.03133299010479627,0.020531811646697005
qat_w4ux_112px_seed1234,weight-only,4,1234,fp32_112px_seed1234,0.9853658536585366,1435,24,21,18,0.6666666666666666,9,3,6,0.6851048473137404,0.006687974010924057,0.008015374731120671,0.026042893474898667,0.021693589783474364
qat_w4ux_112px_seed2345,weight-only,4,2345,fp32_112px_seed2345,0.9825783972125436,1435,26,25,19,0.59375,15,6,7,0.7687754653248788,0.015036177185922275,0.02720241474747565,0.03290624666678518,0.043048205508248595
qat_w4ux_112px_seed3456,weight-only,4,3456,fp32_112px_seed3456,0.9825783972125436,1435,22,25,19,0.6785714285714286,9,6,3,0.7627340983431554,0.006388859646101472,0.005489287464223494,0.011214865138128423,0.0049043950659532105
qat_w8u8_112px_seed1234,joint,8,1234,fp32_112px_seed1234,0.98397212543554,1435,24,23,20,0.7407407407407407,7,3,4,0.7128374541431597,0.0023512879264292828,0.0035307147412536447,0.010344312757768613,0.009498495609045012
qat_w8u8_112px_seed2345,joint,8,2345,fp32_112px_seed2345,0.9825783972125436,1435,26,25,21,0.7,10,4,5,0.8280741097160158,0.0019347957905941123,0.007838450466205646,0.006645506770870368,0.015846297687193343
qat_w8u8_112px_seed3456,joint,8,3456,fp32_112px_seed3456,0.9832752613240419,1435,22,24,18,0.6428571428571429,10,6,4,0.7443474651027697,0.003111837273563606,0.006971498652270141,0.02435271745893479,0.016925787083125934
qat_w8ux_112px_seed1234,weight-only,8,1234,fp32_112px_seed1234,0.9818815331010453,1435,24,26,23,0.8518518518518519,4,3,1,0.7562961624604359,0.0013906120143506008,0.0019250114162607552,0.005435945610822726,0.004018079357178412
qat_w8ux_112px_seed2345,weight-only,8,2345,fp32_112px_seed2345,0.9818815331010453,1435,26,26,20,0.625,14,6,6,0.8457290652659042,0.0010937197927407025,0.004565920989475929,0.004875507204188296,0.012874028367880251
qat_w8ux_112px_seed3456,weight-only,8,3456,fp32_112px_seed3456,0.9832752613240419,1435,22,24,22,0.9166666666666666,2,2,0,0.9163638041380788,0.00021335005310922268,0.00021624578348325392,0.000447796578343881,0.0003736394928180331
qat_wxu2_112px_seed1234,membrane-only,2,1234,fp32_112px_seed1234,0.9825783972125436,1435,24,25,20,0.6896551724137931,9,5,4,0.2554296959230906,0.019910936152825676,0.03013677569241982,0.044030434473440946,0.029124297802744795
qat_wxu2_112px_seed2345,membrane-only,2,2345,fp32_112px_seed2345,0.9818815331010453,1435,26,26,19,0.5757575757575758,16,7,7,0.6240534755684279,0.023557856831757092,0.04110422254430954,0.034701509224116474,0.026838420745040174
qat_wxu2_112px_seed3456,membrane-only,2,3456,fp32_112px_seed3456,0.9825783972125436,1435,22,25,18,0.6206896551724138,11,7,4,0.43497214749450197,0.012088683027381248,0.023947186738915948,0.05523259173007183,0.01850650865746996
qat_wxu4_112px_seed1234,membrane-only,4,1234,fp32_112px_seed1234,0.9832752613240419,1435,24,24,21,0.7777777777777778,6,3,3,0.6850519082546234,0.00394973630104263,0.0035784804040300787,0.010391762459556992,0.006761717916696296
qat_wxu4_112px_seed2345,membrane-only,4,2345,fp32_112px_seed2345,0.9825783972125436,1435,26,25,21,0.7,10,4,5,0.8000960964623727,0.005311866689184383,0.008240502143257129,0.009336515257235297,0.017599610347187655
qat_wxu4_112px_seed3456,membrane-only,4,3456,fp32_112px_seed3456,0.9846689895470383,1435,22,22,17,0.6296296296296297,10,5,5,0.7349632522955545,0.004869285203192776,0.01024373994480196,0.025885947666305198,0.016389195050842638
qat_wxu8_112px_seed1234,membrane-only,8,1234,fp32_112px_seed1234,0.9832752613240419,1435,24,24,23,0.92,2,1,1,0.936565196598081,3.856807313517744e-05,0.00012673854929602522,0.0002732194521972551,0.0006850034221005477
qat_wxu8_112px_seed2345,membrane-only,8,2345,fp32_112px_seed2345,0.9832752613240419,1435,26,24,22,0.7857142857142857,7,2,4,0.8311921485466636,0.002142073142954917,0.008597218626671052,0.00850600311988907,0.015993153576761714
qat_wxu8_112px_seed3456,membrane-only,8,3456,fp32_112px_seed3456,0.9832752613240419,1435,22,24,18,0.6428571428571429,10,6,4,0.7993038504885507,0.0012112989454819384,0.0021829987711548034,0.008426408727689683,0.005561774470241058
