run,arm,bits,weight_bits,membrane_bits,seed,class,n_images,pcc,pcc_std,iou,com_shift,com_shift_abs,qat_accuracy
qat_w2u2_112px_seed1234,joint,2,2,2,1234,Blip,20,0.867939728803812,0.04323369146420329,0.12002899748066984,-0.33456518650054934,0.33456518650054934,0.6655052264808362
qat_w2u2_112px_seed1234,joint,2,2,2,1234,Extremely_Loud,20,0.8670822009808183,0.02015548503479892,0.21564200744574072,-0.10190556049346924,0.10190556049346924,0.6655052264808362
qat_w2u2_112px_seed1234,joint,2,2,2,1234,Scattered_Light,20,0.8455131576179131,0.06843516404049509,0.39607264076635096,-0.33524811267852783,0.33524811267852783,0.6655052264808362
qat_w2u2_112px_seed1234,joint,2,2,2,1234,Violin_Mode,20,0.7120674654299425,0.07891960472788677,0.08109381799711085,-0.36734895706176757,0.36734895706176757,0.6655052264808362
qat_w2u2_112px_seed2345,joint,2,2,2,2345,Blip,20,0.8204216337218535,0.0237705910026079,0.4529102069979311,-0.23051371574401855,0.23051371574401855,0.443205574912892
qat_w2u2_112px_seed2345,joint,2,2,2,2345,Extremely_Loud,20,0.8365273876936208,0.034658146004522696,0.3394370950955642,-0.12430989742279053,0.12430989742279053,0.443205574912892
qat_w2u2_112px_seed2345,joint,2,2,2,2345,Scattered_Light,20,0.8586481935779104,0.024618247062675687,0.39665105404004786,-0.2547945022583008,0.2547945022583008,0.443205574912892
qat_w2u2_112px_seed2345,joint,2,2,2,2345,Violin_Mode,20,0.8111305296420828,0.024789884177320653,0.37308469762078666,-0.2426891803741455,0.2426891803741455,0.443205574912892
qat_w2u2_112px_seed3456,joint,2,2,2,3456,Blip,20,0.665653848833298,0.11475924358947294,0.07908902831951174,-0.23688137531280518,0.23688137531280518,0.445993031358885
qat_w2u2_112px_seed3456,joint,2,2,2,3456,Extremely_Loud,20,0.8184355229071917,0.03062571722969455,0.46077931252439247,-0.06704323291778565,0.06704323291778565,0.445993031358885
qat_w2u2_112px_seed3456,joint,2,2,2,3456,Scattered_Light,20,0.5795078119860759,0.19446925503384013,0.23927574764490028,-0.27333223819732666,0.27333223819732666,0.445993031358885
qat_w2u2_112px_seed3456,joint,2,2,2,3456,Violin_Mode,20,0.675047186093767,0.08679110439793601,0.05746534910773139,-0.24877657890319824,0.24877657890319824,0.445993031358885
qat_w2ux_112px_seed1234,weight-only,2,2,,1234,Blip,20,0.8804317170655727,0.03672826531520492,0.1268895490952581,-0.33552799224853513,0.33552799224853513,0.6682926829268293
qat_w2ux_112px_seed1234,weight-only,2,2,,1234,Extremely_Loud,20,0.8846396654611933,0.017429588914167106,0.33759424319027254,-0.10468115806579589,0.10468115806579589,0.6682926829268293
qat_w2ux_112px_seed1234,weight-only,2,2,,1234,Scattered_Light,20,0.8611917293844458,0.059715945114169146,0.4299408732283475,-0.33553807735443114,0.33553807735443114,0.6682926829268293
qat_w2ux_112px_seed1234,weight-only,2,2,,1234,Violin_Mode,20,0.7997789530331196,0.047125100507167964,0.18902460672655938,-0.3693299531936646,0.3693299531936646,0.6682926829268293
qat_w2ux_112px_seed2345,weight-only,2,2,,2345,Blip,20,0.7646099972909527,0.02705054173304388,0.3805907777183123,-0.2344808578491211,0.2344808578491211,0.4445993031358885
qat_w2ux_112px_seed2345,weight-only,2,2,,2345,Extremely_Loud,20,0.8636115982509033,0.030197050732921355,0.37269251771009587,-0.15264854431152344,0.15264854431152344,0.4445993031358885
qat_w2ux_112px_seed2345,weight-only,2,2,,2345,Scattered_Light,20,0.8162942578612569,0.039085925459706246,0.3922428656306941,-0.2719274520874023,0.2719274520874023,0.4445993031358885
qat_w2ux_112px_seed2345,weight-only,2,2,,2345,Violin_Mode,20,0.7729751721856319,0.03497734923442239,0.4125305622527219,-0.2545499086380005,0.2545499086380005,0.4445993031358885
qat_w2ux_112px_seed3456,weight-only,2,2,,3456,Blip,20,0.8413806873151211,0.04633712325287713,0.3000855316749126,-0.10869853496551514,0.10869853496551514,0.4418118466898955
qat_w2ux_112px_seed3456,weight-only,2,2,,3456,Extremely_Loud,20,0.8623574793356885,0.019365768022206985,0.2947646201968148,-0.059927725791931154,0.059927725791931154,0.4418118466898955
qat_w2ux_112px_seed3456,weight-only,2,2,,3456,Scattered_Light,20,0.748487143066701,0.13287518708833354,0.4231108174970082,-0.17515478134155274,0.17515478134155274,0.4418118466898955
qat_w2ux_112px_seed3456,weight-only,2,2,,3456,Violin_Mode,20,0.8285807507145613,0.050383266659721836,0.4293417891880072,-0.13463408946990968,0.13463408946990968,0.4418118466898955
qat_w4u4_112px_seed1234,joint,4,4,4,1234,Blip,20,0.9802495419469199,0.016420883734273466,0.5945852052679876,0.020343375205993653,0.025293850898742677,0.9846689895470383
qat_w4u4_112px_seed1234,joint,4,4,4,1234,Extremely_Loud,20,0.9985470867786275,0.0015244673580146297,0.7620971739088257,-0.0001581430435180664,0.005450987815856933,0.9846689895470383
qat_w4u4_112px_seed1234,joint,4,4,4,1234,Scattered_Light,20,0.9687767486451315,0.020966874710661155,0.6452656688053718,-0.0011843442916870117,0.008716797828674317,0.9846689895470383
qat_w4u4_112px_seed1234,joint,4,4,4,1234,Violin_Mode,20,0.9493195611596246,0.028889803298369727,0.6117440975624617,0.009277701377868652,0.01596682071685791,0.9846689895470383
qat_w4u4_112px_seed2345,joint,4,4,4,2345,Blip,20,0.9769352834684046,0.002762149185322084,0.7434674432565362,0.02487938404083252,0.02487938404083252,0.9818815331010453
qat_w4u4_112px_seed2345,joint,4,4,4,2345,Extremely_Loud,20,0.9856509819796143,0.010852380983396907,0.7572514902914398,0.005625534057617188,0.009406328201293945,0.9818815331010453
qat_w4u4_112px_seed2345,joint,4,4,4,2345,Scattered_Light,20,0.9789219334780277,0.006790356678958754,0.7496961773425614,0.017433929443359374,0.017433929443359374,0.9818815331010453
qat_w4u4_112px_seed2345,joint,4,4,4,2345,Violin_Mode,20,0.9772919454100212,0.004554911654893929,0.7805837879280918,0.02284548282623291,0.02284548282623291,0.9818815331010453
qat_w4u4_112px_seed3456,joint,4,4,4,3456,Blip,20,0.9665246362487034,0.01068927262237497,0.7512622818677637,0.03145642280578613,0.03145642280578613,0.98397212543554
qat_w4u4_112px_seed3456,joint,4,4,4,3456,Extremely_Loud,20,0.9978717712054183,0.00231898211885088,0.7373031248074087,-0.001578974723815918,0.012039113044738769,0.98397212543554
qat_w4u4_112px_seed3456,joint,4,4,4,3456,Scattered_Light,20,0.9686730838010135,0.014919378711825575,0.6778197737829638,0.04275178909301758,0.04275178909301758,0.98397212543554
qat_w4u4_112px_seed3456,joint,4,4,4,3456,Violin_Mode,20,0.9760360893652784,0.007083777819229988,0.753401386194409,0.03910481929779053,0.03917162418365479,0.98397212543554
qat_w4ux_112px_seed1234,weight-only,4,4,,1234,Blip,20,0.9824476369896106,0.013567507739542684,0.6486617482544634,-0.09354777336120605,0.09354777336120605,0.9853658536585366
qat_w4ux_112px_seed1234,weight-only,4,4,,1234,Extremely_Loud,20,0.9986690489055599,0.0009151715096502742,0.7325389214794982,-0.006978273391723633,0.00905303955078125,0.9853658536585366
qat_w4ux_112px_seed1234,weight-only,4,4,,1234,Scattered_Light,20,0.9755850009099649,0.01621683494799574,0.6886929363151352,-0.07010784149169921,0.07010784149169921,0.9853658536585366
qat_w4ux_112px_seed1234,weight-only,4,4,,1234,Violin_Mode,20,0.9597559822416335,0.02078863432757499,0.6705257832058652,-0.0857583999633789,0.0857583999633789,0.9853658536585366
qat_w4ux_112px_seed2345,weight-only,4,4,,2345,Blip,20,0.9807309560100798,0.0020723481271498682,0.765067895856605,-0.05442421436309815,0.05442421436309815,0.9825783972125436
qat_w4ux_112px_seed2345,weight-only,4,4,,2345,Extremely_Loud,20,0.9897792250987084,0.007397677987920213,0.7623769445391095,-0.02899141311645508,0.02899141311645508,0.9825783972125436
qat_w4ux_112px_seed2345,weight-only,4,4,,2345,Scattered_Light,20,0.9827188826216637,0.004217723153866946,0.7621455845131861,-0.06309778690338134,0.06309778690338134,0.9825783972125436
qat_w4ux_112px_seed2345,weight-only,4,4,,2345,Violin_Mode,20,0.981298138797775,0.0028340729056248377,0.785511436390615,-0.05346355438232422,0.05346355438232422,0.9825783972125436
qat_w4ux_112px_seed3456,weight-only,4,4,,3456,Blip,20,0.9792724931296739,0.00829810514724916,0.7438749169673216,-0.029597973823547362,0.029597973823547362,0.9825783972125436
qat_w4ux_112px_seed3456,weight-only,4,4,,3456,Extremely_Loud,20,0.9992298473287932,0.0010791735817575882,0.8648193262163824,-0.01621217727661133,0.01621217727661133,0.9825783972125436
qat_w4ux_112px_seed3456,weight-only,4,4,,3456,Scattered_Light,20,0.9805819805655736,0.009583426580190554,0.7001957612738291,-0.03580901622772217,0.03580901622772217,0.9825783972125436
qat_w4ux_112px_seed3456,weight-only,4,4,,3456,Violin_Mode,20,0.979873420142467,0.006764662064387189,0.7420463889150889,-0.042057037353515625,0.04228215217590332,0.9825783972125436
qat_w8u8_112px_seed1234,joint,8,8,8,1234,Blip,20,0.9906380043660402,0.008798560140917743,0.6736982552444123,-0.022986125946044923,0.023194122314453124,0.98397212543554
qat_w8u8_112px_seed1234,joint,8,8,8,1234,Extremely_Loud,20,0.9995816190628982,0.00038331390153479417,0.764625701139314,0.0019684791564941405,0.003288888931274414,0.98397212543554
qat_w8u8_112px_seed1234,joint,8,8,8,1234,Scattered_Light,20,0.9874292593077241,0.009881127093973933,0.720173841254397,-0.02252190113067627,0.02252190113067627,0.98397212543554
qat_w8u8_112px_seed1234,joint,8,8,8,1234,Violin_Mode,20,0.9731091963533391,0.01142950899670388,0.6928520189345153,-0.03078958988189697,0.03078958988189697,0.98397212543554
qat_w8u8_112px_seed2345,joint,8,8,8,2345,Blip,20,0.9923230303627948,0.0005794604926469052,0.8296455809150561,-0.01534268856048584,0.01534268856048584,0.9825783972125436
qat_w8u8_112px_seed2345,joint,8,8,8,2345,Extremely_Loud,20,0.9978112099430039,0.00174563620835431,0.8025565276469623,-0.0029177427291870116,0.004603743553161621,0.9825783972125436
qat_w8u8_112px_seed2345,joint,8,8,8,2345,Scattered_Light,20,0.9929140283143367,0.0010466679658956005,0.8251756045956642,-0.012658452987670899,0.012658452987670899,0.9825783972125436
qat_w8u8_112px_seed2345,joint,8,8,8,2345,Violin_Mode,20,0.9921085584146525,0.0012896970982236525,0.8549187257063806,-0.01508026123046875,0.01508026123046875,0.9825783972125436
qat_w8u8_112px_seed3456,joint,8,8,8,3456,Blip,20,0.980606327825253,0.007108442089190236,0.754500996843144,-0.036706852912902835,0.036706852912902835,0.9832752613240419
qat_w8u8_112px_seed3456,joint,8,8,8,3456,Extremely_Loud,20,0.9992252907453183,0.0011702151941976196,0.7696600033037198,-0.015141439437866212,0.015141439437866212,0.9832752613240419
qat_w8u8_112px_seed3456,joint,8,8,8,3456,Scattered_Light,20,0.9806390185922573,0.009734625306203068,0.7015373388343453,-0.03783116340637207,0.03783116340637207,0.9832752613240419
qat_w8u8_112px_seed3456,joint,8,8,8,3456,Violin_Mode,20,0.9809714857541542,0.006310783101209871,0.75169152142987,-0.04930388927459717,0.04930388927459717,0.9832752613240419
qat_w8ux_112px_seed1234,weight-only,8,8,,1234,Blip,20,0.9942908510834896,0.005595256227732234,0.7157565178872538,-0.008239984512329102,0.008722591400146484,0.9818815331010453
qat_w8ux_112px_seed1234,weight-only,8,8,,1234,Extremely_Loud,20,0.9997565340243503,0.00019815680283248076,0.7763888566972514,0.0023355484008789062,0.0028157711029052736,0.9818815331010453
qat_w8ux_112px_seed1234,weight-only,8,8,,1234,Scattered_Light,20,0.9924692771797112,0.006119150788000964,0.7835211680150687,-0.010303711891174317,0.010416769981384277,0.9818815331010453
qat_w8ux_112px_seed1234,weight-only,8,8,,1234,Violin_Mode,20,0.9821860105648463,0.0075975881453599296,0.7495181072421695,-0.014887189865112305,0.014887189865112305,0.9818815331010453
qat_w8ux_112px_seed2345,weight-only,8,8,,2345,Blip,20,0.9934338857323475,0.0006774185925848262,0.8430164348146434,-0.009399962425231934,0.009399962425231934,0.9818815331010453
qat_w8ux_112px_seed2345,weight-only,8,8,,2345,Extremely_Loud,20,0.9982243620422235,0.0014730732774525693,0.8308074494693416,-0.003472042083740234,0.004506206512451172,0.9818815331010453
qat_w8ux_112px_seed2345,weight-only,8,8,,2345,Scattered_Light,20,0.993955067410214,0.0009528940735138059,0.8435441699468574,-0.008927273750305175,0.008927273750305175,0.9818815331010453
qat_w8ux_112px_seed2345,weight-only,8,8,,2345,Violin_Mode,20,0.99314642727105,0.0009862832805637477,0.8655482068327742,-0.011054897308349609,0.011054897308349609,0.9818815331010453
qat_w8ux_112px_seed3456,weight-only,8,8,,3456,Blip,20,0.9974073440583526,0.001234218243840588,0.9048065905848626,-0.0003126859664916992,0.0021274328231811524,0.9832752613240419
qat_w8ux_112px_seed3456,weight-only,8,8,,3456,Extremely_Loud,20,0.9998791631772423,0.00014351870988966336,0.9552629783799768,-0.0003600597381591797,0.001019906997680664,0.9832752613240419
qat_w8ux_112px_seed3456,weight-only,8,8,,3456,Scattered_Light,20,0.9973217909459269,0.0013645270141493012,0.8961205036364769,0.00110015869140625,0.002942180633544922,0.9832752613240419
qat_w8ux_112px_seed3456,weight-only,8,8,,3456,Violin_Mode,20,0.996879924517379,0.0011573678476742087,0.9092651439509989,0.00040426254272460935,0.001550579071044922,0.9832752613240419
qat_wxu2_112px_seed1234,membrane-only,2,,2,1234,Blip,20,0.9234814780935808,0.05507603688211014,0.10239299423397874,-0.12227396965026856,0.12227396965026856,0.9825783972125436
qat_wxu2_112px_seed1234,membrane-only,2,,2,1234,Extremely_Loud,20,0.9938970752471972,0.0071973870200207285,0.4657080207472678,-0.019966387748718263,0.020044445991516113,0.9825783972125436
qat_wxu2_112px_seed1234,membrane-only,2,,2,1234,Scattered_Light,20,0.8844184768055315,0.0658779807635696,0.3436796347914387,-0.08758728504180908,0.08758728504180908,0.9825783972125436
qat_wxu2_112px_seed1234,membrane-only,2,,2,1234,Violin_Mode,20,0.7990667292745754,0.07558945287446318,0.10993813391967733,-0.11252236366271973,0.11252236366271973,0.9825783972125436
qat_wxu2_112px_seed2345,membrane-only,2,,2,2345,Blip,20,0.9398438340979143,0.005124094879184148,0.6267020787839541,-0.036547303199768066,0.047792792320251465,0.9818815331010453
qat_wxu2_112px_seed2345,membrane-only,2,,2,2345,Extremely_Loud,20,0.9733758246466049,0.01809229662057435,0.6050199017438678,0.027465343475341797,0.027465343475341797,0.9818815331010453
qat_wxu2_112px_seed2345,membrane-only,2,,2,2345,Scattered_Light,20,0.9445924040848992,0.011384211817304866,0.6220383957923281,0.014121389389038086,0.0437809944152832,0.9818815331010453
qat_wxu2_112px_seed2345,membrane-only,2,,2,2345,Violin_Mode,20,0.9411794250217514,0.008804315964070834,0.6424535259535616,-0.002892613410949707,0.033857989311218264,0.9818815331010453
qat_wxu2_112px_seed3456,membrane-only,2,,2,3456,Blip,20,0.8793853189229557,0.03721945140203559,0.17017189019604753,-0.13734054565429688,0.13734054565429688,0.9825783972125436
qat_wxu2_112px_seed3456,membrane-only,2,,2,3456,Extremely_Loud,20,0.9909108644051645,0.013123492350208139,0.6061062985752556,0.003982234001159668,0.016168618202209474,0.9825783972125436
qat_wxu2_112px_seed3456,membrane-only,2,,2,3456,Scattered_Light,20,0.901656191574504,0.03705835269251903,0.5034771627975243,-0.07256069183349609,0.07475199699401855,0.9825783972125436
qat_wxu2_112px_seed3456,membrane-only,2,,2,3456,Violin_Mode,20,0.9008725868251484,0.02806165134170866,0.46013323840918047,-0.09197206497192383,0.09197206497192383,0.9825783972125436
qat_wxu4_112px_seed1234,membrane-only,4,,4,1234,Blip,20,0.9870157185821193,0.012016931783852745,0.6281790951106918,0.05483705997467041,0.05483705997467041,0.9832752613240419
qat_wxu4_112px_seed1234,membrane-only,4,,4,1234,Extremely_Loud,20,0.9993931340007484,0.0005190205788721805,0.7757187652125396,-0.0008354902267456055,0.008005881309509277,0.9832752613240419
qat_wxu4_112px_seed1234,membrane-only,4,,4,1234,Scattered_Light,20,0.9805327506387146,0.013937004766167136,0.6683297926137788,0.026609921455383302,0.027462363243103027,0.9832752613240419
qat_wxu4_112px_seed1234,membrane-only,4,,4,1234,Violin_Mode,20,0.9634527334329765,0.01779952269951073,0.6679799800814836,0.042263460159301755,0.042263460159301755,0.9832752613240419
qat_wxu4_112px_seed2345,membrane-only,4,,4,2345,Blip,20,0.9890376855595319,0.0010235409116831902,0.8037966107887596,0.054224395751953126,0.054224395751953126,0.9825783972125436
qat_wxu4_112px_seed2345,membrane-only,4,,4,2345,Extremely_Loud,20,0.9969226373472946,0.0028097125905044073,0.7799117206732636,0.02166900634765625,0.02166900634765625,0.9825783972125436
qat_wxu4_112px_seed2345,membrane-only,4,,4,2345,Scattered_Light,20,0.9893563119813079,0.001504217690610387,0.7970866577854668,0.0638948917388916,0.0638948917388916,0.9825783972125436
qat_wxu4_112px_seed2345,membrane-only,4,,4,2345,Violin_Mode,20,0.9884039285979783,0.0018863575565184496,0.8195893966020009,0.05766441822052002,0.05766441822052002,0.9825783972125436
qat_wxu4_112px_seed3456,membrane-only,4,,4,3456,Blip,20,0.9767325596266192,0.0076036048394002905,0.7458753409587972,0.06419341564178467,0.06419341564178467,0.9846689895470383
qat_wxu4_112px_seed3456,membrane-only,4,,4,3456,Extremely_Loud,20,0.9984898200495482,0.0015493763308473763,0.7631179297391408,0.002318406105041504,0.010966324806213379,0.9846689895470383
qat_wxu4_112px_seed3456,membrane-only,4,,4,3456,Scattered_Light,20,0.9781279538131752,0.010309373303542299,0.6901406737843672,0.06430132389068603,0.06430132389068603,0.9846689895470383
qat_wxu4_112px_seed3456,membrane-only,4,,4,3456,Violin_Mode,20,0.978025010830188,0.006344561844015931,0.7407190646999124,0.06411702632904052,0.06411702632904052,0.9846689895470383
qat_wxu8_112px_seed1234,membrane-only,8,,8,1234,Blip,20,0.9989161682499917,0.0009543558268101971,0.9245533606621498,-0.0010790348052978516,0.002313566207885742,0.9832752613240419
qat_wxu8_112px_seed1234,membrane-only,8,,8,1234,Extremely_Loud,20,0.9999344771709655,4.517125590959005e-05,0.9610393581198938,6.778240203857422e-05,0.0010589838027954101,0.9832752613240419
qat_wxu8_112px_seed1234,membrane-only,8,,8,1234,Scattered_Light,20,0.9983673843774629,0.0012480766590946947,0.9352232833375961,0.001134204864501953,0.002291440963745117,0.9832752613240419
qat_wxu8_112px_seed1234,membrane-only,8,,8,1234,Violin_Mode,20,0.9964671281824289,0.001627464960602498,0.9254447842726844,0.0007312774658203125,0.002386951446533203,0.9832752613240419
qat_wxu8_112px_seed2345,membrane-only,8,,8,2345,Blip,20,0.9919578184019106,0.0007896135481226639,0.8229454206876543,-0.017130374908447266,0.017130374908447266,0.9832752613240419
qat_wxu8_112px_seed2345,membrane-only,8,,8,2345,Extremely_Loud,20,0.997601761273074,0.0018782029061093716,0.8279599803444324,-0.0038240671157836912,0.0046830415725708004,0.9832752613240419
qat_wxu8_112px_seed2345,membrane-only,8,,8,2345,Scattered_Light,20,0.9924675668977205,0.0011535476130218557,0.8289408142831073,-0.015932750701904298,0.015932750701904298,0.9832752613240419
qat_wxu8_112px_seed2345,membrane-only,8,,8,2345,Violin_Mode,20,0.9914489098523462,0.0013736496373279114,0.8449223788714605,-0.01672472953796387,0.01672472953796387,0.9832752613240419
qat_wxu8_112px_seed3456,membrane-only,8,,8,3456,Blip,20,0.9904423244769843,0.004216039731988774,0.7883631054037279,-0.015217399597167969,0.015217399597167969,0.9832752613240419
qat_wxu8_112px_seed3456,membrane-only,8,,8,3456,Extremely_Loud,20,0.9996914559951762,0.0004937196053065941,0.8399773668971443,1.5139579772949219e-05,0.0023340463638305666,0.9832752613240419
qat_wxu8_112px_seed3456,membrane-only,8,,8,3456,Scattered_Light,20,0.9915726043739184,0.004622521772367959,0.7658558703294207,-0.0160658597946167,0.0160658597946167,0.9832752613240419
qat_wxu8_112px_seed3456,membrane-only,8,,8,3456,Violin_Mode,20,0.9892344514994758,0.004279138110202981,0.8030190593239096,-0.02510995864868164,0.02510995864868164,0.9832752613240419
qat_wxux_112px_seed1234,control,,,,1234,Blip,20,1.0,1.0235750533041807e-16,1.0,0.0,0.0,0.9832752613240419
qat_wxux_112px_seed1234,control,,,,1234,Extremely_Loud,20,1.0,1.137640067256873e-16,1.0,0.0,0.0,0.9832752613240419
qat_wxux_112px_seed1234,control,,,,1234,Scattered_Light,20,1.0,6.080941944488117e-17,1.0,0.0,0.0,0.9832752613240419
qat_wxux_112px_seed1234,control,,,,1234,Violin_Mode,20,1.0,6.568167990716596e-17,1.0,0.0,0.0,0.9832752613240419
qat_wxux_112px_seed2345,control,,,,2345,Blip,20,1.0,4.2998752849492583e-17,1.0,0.0,0.0,0.9818815331010453
qat_wxux_112px_seed2345,control,,,,2345,Extremely_Loud,20,1.0,3.510833468576701e-17,1.0,0.0,0.0,0.9818815331010453
qat_wxux_112px_seed2345,control,,,,2345,Scattered_Light,20,1.0,6.080941944488117e-17,1.0,0.0,0.0,0.9818815331010453
qat_wxux_112px_seed2345,control,,,,2345,Violin_Mode,20,1.0,4.965068306494546e-17,1.0,0.0,0.0,0.9818815331010453
qat_wxux_112px_seed3456,control,,,,3456,Blip,20,1.0,6.080941944488117e-17,1.0,0.0,0.0,0.9846689895470383
qat_wxux_112px_seed3456,control,,,,3456,Extremely_Loud,20,1.0,1.0235750533041807e-16,1.0,0.0,0.0,0.9846689895470383
qat_wxux_112px_seed3456,control,,,,3456,Scattered_Light,20,1.0,7.850462293418876e-17,1.0,0.0,0.0,0.9846689895470383
qat_wxux_112px_seed3456,control,,,,3456,Violin_Mode,20,1.0,7.021666937153402e-17,1.0,0.0,0.0,0.9846689895470383
