run,arm,seed,class,n_images,baseline_delta,own_delta,reference_delta,baseline_auc_sam,baseline_auc_random,own_auc_sam,own_auc_random,reference_auc_sam,reference_auc_random,has_signal
qat_wxu2_112px_seed1234,membrane-only,1234,Blip,15,-0.17064113459511032,-0.18934159199513184,-0.1402923878037836,0.3119467459964411,0.48258788059155144,0.22245651011549245,0.4117981021106243,0.2715057143068407,0.4117981021106243,True
qat_wxu2_112px_seed1234,membrane-only,1234,Extremely_Loud,15,-0.28151362635040045,-0.27240908313154555,-0.26567062122126417,0.6120883583789691,0.8936019847293696,0.6387411226495169,0.9111502057810624,0.6454795845597983,0.9111502057810624,True
qat_wxu2_112px_seed1234,membrane-only,1234,Scattered_Light,15,0.035127702868194444,-0.005322115293238283,0.07173390966490845,0.3834967745753239,0.34836907170712944,0.2982387299874487,0.303560845280687,0.37529475494559544,0.303560845280687,False
qat_wxu2_112px_seed1234,membrane-only,1234,Violin_Mode,15,0.023140261520942118,0.10589742556214332,0.06283925806482621,0.4528134480615457,0.4296731865406036,0.5420490434765816,0.43615161791443824,0.49899087597926445,0.43615161791443824,False
qat_wxu2_112px_seed2345,membrane-only,2345,Blip,15,-0.029429838558038046,-0.045885808964570285,-0.05657529607415196,0.5161731561024984,0.5456029946605364,0.48743546068668364,0.5333212696512539,0.47674597357710197,0.5333212696512539,False
qat_wxu2_112px_seed2345,membrane-only,2345,Extremely_Loud,15,-0.19797604732215424,-0.13416278292735428,-0.1431342208012938,0.6347982482115426,0.8327742955336969,0.7263346827526885,0.8604974656800428,0.717363244878749,0.8604974656800428,True
qat_wxu2_112px_seed2345,membrane-only,2345,Scattered_Light,15,-0.04208076968168217,-0.07286403427521382,-0.07538378904884058,0.3604899519806108,0.40257072166229296,0.34604583399991196,0.4189098682751258,0.3435260792262852,0.4189098682751258,False
qat_wxu2_112px_seed2345,membrane-only,2345,Violin_Mode,15,-0.08373694355910027,-0.1631419080806275,-0.16790185107383881,0.3539644242761036,0.43770136783520386,0.31441922234371306,0.47756113042434056,0.30965927935050175,0.47756113042434056,True
qat_wxu2_112px_seed3456,membrane-only,3456,Blip,15,-0.11256428899243476,-0.043296484234742916,-0.041385261913140625,0.32895148061836754,0.4415157696108023,0.3330736628345524,0.37637014706929534,0.3349848851561547,0.37637014706929534,True
qat_wxu2_112px_seed3456,membrane-only,3456,Extremely_Loud,15,-0.22193074978888028,-0.20908250513176097,-0.1986354120820759,0.619095498099923,0.8410262478888033,0.6608372833579779,0.8699197884897388,0.6712843764076629,0.8699197884897388,True
qat_wxu2_112px_seed3456,membrane-only,3456,Scattered_Light,15,-0.07502768573661639,-0.0546105072274804,-0.024880488601823625,0.35912368091444175,0.43415136665105813,0.3293213090921442,0.3839318163196246,0.35905132771780096,0.3839318163196246,True
qat_wxu2_112px_seed3456,membrane-only,3456,Violin_Mode,15,-0.0073474239433806154,0.041210596479164974,0.048712372773637325,0.3741123696044087,0.3814597935477893,0.40181211382616305,0.3606015173469981,0.4093138901206354,0.3606015173469981,False
