run,seed,checkpoint,class,n_images,iou,pcc,pcc_std,com_shift,com_shift_abs,accuracy
qat_wxux_112px_seed1234,1234,selected,Blip,20,1.0,1.0,1.0235750533041807e-16,0.0,0.0,0.9832752613240419
qat_wxux_112px_seed1234,1234,selected,Extremely_Loud,20,1.0,1.0,1.137640067256873e-16,0.0,0.0,0.9832752613240419
qat_wxux_112px_seed1234,1234,selected,Scattered_Light,20,1.0,1.0,6.080941944488117e-17,0.0,0.0,0.9832752613240419
qat_wxux_112px_seed1234,1234,selected,Violin_Mode,20,1.0,1.0,6.568167990716596e-17,0.0,0.0,0.9832752613240419
qat_wxux_112px_seed1234,1234,final,Blip,20,0.6712409071507216,0.9889943145069611,0.009650722564853078,-0.045089101791381835,0.045089101791381835,0.9818815331010453
qat_wxux_112px_seed1234,1234,final,Extremely_Loud,20,0.7849365231326753,0.9993919719227599,0.0004480202476390853,0.0009365558624267578,0.004391813278198242,0.9818815331010453
qat_wxux_112px_seed1234,1234,final,Scattered_Light,20,0.7009561128387597,0.9846670268119716,0.011520997620861324,-0.037321615219116214,0.037321615219116214,0.9818815331010453
qat_wxux_112px_seed1234,1234,final,Violin_Mode,20,0.6876566265169575,0.9687385946538871,0.013279547935700485,-0.04774174690246582,0.04774174690246582,0.9818815331010453
qat_wxux_112px_seed2345,2345,selected,Blip,20,1.0,1.0,4.2998752849492583e-17,0.0,0.0,0.9818815331010453
qat_wxux_112px_seed2345,2345,selected,Extremely_Loud,20,1.0,1.0,3.510833468576701e-17,0.0,0.0,0.9818815331010453
qat_wxux_112px_seed2345,2345,selected,Scattered_Light,20,1.0,1.0,6.080941944488117e-17,0.0,0.0,0.9818815331010453
qat_wxux_112px_seed2345,2345,selected,Violin_Mode,20,1.0,1.0,4.965068306494546e-17,0.0,0.0,0.9818815331010453
qat_wxux_112px_seed2345,2345,final,Blip,20,0.7964915727411042,0.9872032919689202,0.0010570335806720462,-0.04491746425628662,0.04491746425628662,0.9790940766550522
qat_wxux_112px_seed2345,2345,final,Extremely_Loud,20,0.7788096444310397,0.9942142707018723,0.003969904243573631,-0.0106353759765625,0.0106353759765625,0.9790940766550522
qat_wxux_112px_seed2345,2345,final,Scattered_Light,20,0.7837759879891335,0.9879662274000587,0.001986822716690766,-0.04247794151306152,0.04247794151306152,0.9790940766550522
qat_wxux_112px_seed2345,2345,final,Violin_Mode,20,0.8076249914761524,0.9866472229924032,0.0019099931191832828,-0.04139585494995117,0.04139585494995117,0.9790940766550522
qat_wxux_112px_seed3456,3456,selected,Blip,20,1.0,1.0,6.080941944488117e-17,0.0,0.0,0.9846689895470383
qat_wxux_112px_seed3456,3456,selected,Extremely_Loud,20,1.0,1.0,1.0235750533041807e-16,0.0,0.0,0.9846689895470383
qat_wxux_112px_seed3456,3456,selected,Scattered_Light,20,1.0,1.0,7.850462293418876e-17,0.0,0.0,0.9846689895470383
qat_wxux_112px_seed3456,3456,selected,Violin_Mode,20,1.0,1.0,7.021666937153402e-17,0.0,0.0,0.9846689895470383
qat_wxux_112px_seed3456,3456,final,Blip,20,0.7674764327829003,0.9830189474006976,0.006349708853210253,-0.03307080268859863,0.03307080268859863,0.9804878048780488
qat_wxux_112px_seed3456,3456,final,Extremely_Loud,20,0.7664904499198492,0.9992477473575498,0.0011060768455947024,-0.01249074935913086,0.01249074935913086,0.9804878048780488
qat_wxux_112px_seed3456,3456,final,Scattered_Light,20,0.7050216348594784,0.9828377626419365,0.00871338910719142,-0.03359379768371582,0.03359379768371582,0.9804878048780488
qat_wxux_112px_seed3456,3456,final,Violin_Mode,20,0.7513667787379351,0.9825436767574345,0.006038496886310667,-0.04683372974395752,0.04683372974395752,0.9804878048780488
