run,class,position,iou,pcc,iou_k0.02,iou_k0.05,iou_k0.1,iou_k0.2,iou_k0.3
qat_wxu2_112px_seed3456,Blip,0,0.03529411764705882,0.8855620606720999,0.0,0.01694915254237288,0.042105263157894736,0.03529411764705882,0.036585365853658534
qat_wxu2_112px_seed3456,Blip,1,0.13043478260869565,0.9064075329789562,0.8823529411764706,0.3829787234042553,0.2235294117647059,0.13043478260869565,0.6666666666666666
qat_wxu2_112px_seed3456,Blip,2,0.15976331360946747,0.9333684390461937,1.0,0.4716981132075472,0.2717391304347826,0.15976331360946747,0.11934156378600823
qat_wxu2_112px_seed3456,Blip,3,0.02185792349726776,0.8564238679584054,0.0,0.0,0.009259259259259259,0.02185792349726776,0.0392156862745098
qat_wxu2_112px_seed3456,Blip,4,0.04,0.8555407080367952,0.14285714285714285,0.031746031746031744,0.03,0.04,0.04032258064516129
qat_wxu2_112px_seed3456,Blip,5,0.04945054945054945,0.842862148427634,0.4375,0.1111111111111111,0.0660377358490566,0.04945054945054945,0.06324110671936758
qat_wxu2_112px_seed3456,Blip,6,0.20625,0.9455452506388439,0.8823529411764706,0.6170212765957447,0.35294117647058826,0.20625,0.7593984962406015
qat_wxu2_112px_seed3456,Blip,7,0.10429447852760736,0.9027255300236018,0.75,0.23076923076923078,0.17045454545454544,0.10429447852760736,0.571917808219178
qat_wxu2_112px_seed3456,Blip,8,0.6740331491712708,0.8964100292346473,0.42857142857142855,0.22727272727272727,0.12048192771084337,0.6740331491712708,0.7232472324723247
qat_wxu2_112px_seed3456,Blip,9,0.11560693641618497,0.8763192436038227,0.9375,0.25,0.16161616161616163,0.11560693641618497,0.10612244897959183
qat_wxu2_112px_seed3456,Blip,10,0.07784431137724551,0.8349592313766001,0.7333333333333333,0.4230769230769231,0.12087912087912088,0.07784431137724551,0.05737704918032787
qat_wxu2_112px_seed3456,Blip,11,0.045714285714285714,0.8363760204172199,0.18181818181818182,0.06896551724137931,0.039603960396039604,0.045714285714285714,0.04838709677419355
qat_wxu2_112px_seed3456,Blip,12,0.612565445026178,0.8926654651253529,0.45,0.2558139534883721,0.14814814814814814,0.612565445026178,0.6810035842293907
qat_wxu2_112px_seed3456,Blip,13,0.06707317073170732,0.8452678656924453,0.6428571428571429,0.20833333333333334,0.11627906976744186,0.06707317073170732,0.06329113924050633
qat_wxu2_112px_seed3456,Blip,14,0.21818181818181817,0.916632868180594,0.8823529411764706,0.9117647058823529,0.3516483516483517,0.21818181818181817,0.1625
qat_wxu2_112px_seed3456,Blip,15,0.05172413793103448,0.8564254216003684,0.4,0.15789473684210525,0.09375,0.05172413793103448,0.052845528455284556
qat_wxu2_112px_seed3456,Blip,16,0.06493506493506493,0.8525005763075519,0.38095238095238093,0.20454545454545456,0.12195121951219512,0.06493506493506493,0.6476868327402135
qat_wxu2_112px_seed3456,Blip,17,0.041176470588235294,0.8648934474160057,0.1,0.05263157894736842,0.06521739130434782,0.041176470588235294,0.04081632653061224
qat_wxu2_112px_seed3456,Blip,18,0.06547619047619048,0.8302923515880858,0.6,0.3225806451612903,0.12359550561797752,0.06547619047619048,0.044715447154471545
qat_wxu2_112px_seed3456,Blip,19,0.6217616580310881,0.9565283201338909,1.0,0.775,0.3924050632911392,0.6217616580310881,0.7158671586715867
qat_wxu2_112px_seed3456,Extremely_Loud,0,0.02824858757062147,0.9949116028037572,0.0,0.057692307692307696,0.057692307692307696,0.02824858757062147,0.950207468879668
qat_wxu2_112px_seed3456,Extremely_Loud,1,0.891566265060241,0.9958435983824672,0.2222222222222222,0.3333333333333333,0.34065934065934067,0.891566265060241,0.9665271966527197
qat_wxu2_112px_seed3456,Extremely_Loud,2,0.31,0.9945466285338216,0.047619047619047616,0.020833333333333332,0.0125,0.31,0.7704280155642024
qat_wxu2_112px_seed3456,Extremely_Loud,3,0.2897727272727273,0.9948760505103865,0.07692307692307693,0.047619047619047616,0.07971014492753623,0.2897727272727273,0.8951612903225806
qat_wxu2_112px_seed3456,Extremely_Loud,4,0.14444444444444443,0.9954988967999119,0.15,0.125,0.25609756097560976,0.14444444444444443,0.9065040650406504
qat_wxu2_112px_seed3456,Extremely_Loud,5,0.31,0.9945466285338216,0.047619047619047616,0.020833333333333332,0.0125,0.31,0.7704280155642024
qat_wxu2_112px_seed3456,Extremely_Loud,6,0.9748427672955975,0.9896897839972896,0.17391304347826086,0.12,0.8588235294117647,0.9748427672955975,0.8423236514522822
qat_wxu2_112px_seed3456,Extremely_Loud,7,0.3016759776536313,0.9943323984033134,0.08333333333333333,0.10909090909090909,0.15384615384615385,0.3016759776536313,0.8076923076923077
qat_wxu2_112px_seed3456,Extremely_Loud,8,0.07407407407407407,0.9951982012497169,0.0,0.057971014492753624,0.09090909090909091,0.07407407407407407,0.8373015873015873
qat_wxu2_112px_seed3456,Extremely_Loud,9,0.9030303030303031,0.9945169518932706,0.04,0.08,0.1568627450980392,0.9030303030303031,0.950207468879668
qat_wxu2_112px_seed3456,Extremely_Loud,10,0.3076923076923077,0.993703849578915,0.0,0.027777777777777776,0.1956521739130435,0.3076923076923077,0.88
qat_wxu2_112px_seed3456,Extremely_Loud,11,0.9873417721518988,0.9883007357712162,0.2222222222222222,0.10416666666666667,0.926829268292683,0.9873417721518988,0.726890756302521
qat_wxu2_112px_seed3456,Extremely_Loud,12,0.9748427672955975,0.9946228844274069,0.15789473684210525,0.234375,0.8045977011494253,0.9748427672955975,0.9583333333333334
qat_wxu2_112px_seed3456,Extremely_Loud,13,0.9146341463414634,0.9945417026216589,0.10526315789473684,0.1724137931034483,0.7362637362637363,0.9146341463414634,0.9747899159663865
qat_wxu2_112px_seed3456,Extremely_Loud,14,0.7541899441340782,0.9956500800001312,0.0,0.11267605633802817,0.11267605633802817,0.7541899441340782,0.946058091286307
qat_wxu2_112px_seed3456,Extremely_Loud,15,0.9748427672955975,0.9945867063834084,0.0,0.17307692307692307,0.8160919540229885,0.9748427672955975,0.9665271966527197
qat_wxu2_112px_seed3456,Extremely_Loud,16,0.9030303030303031,0.9961470870783952,0.11764705882352941,0.19148936170212766,0.16326530612244897,0.9030303030303031,0.9831223628691983
qat_wxu2_112px_seed3456,Extremely_Loud,17,0.7215189873417721,0.9868449769429539,0.8823529411764706,0.9047619047619048,0.975,0.7215189873417721,0.828125
qat_wxu2_112px_seed3456,Extremely_Loud,18,0.7771428571428571,0.9951352674249334,0.03571428571428571,0.02702702702702703,0.16666666666666666,0.7771428571428571,0.9583333333333334
qat_wxu2_112px_seed3456,Extremely_Loud,19,0.5792349726775956,0.9347232567665146,0.8823529411764706,0.43137254901960786,0.24444444444444444,0.5792349726775956,0.7242647058823529
qat_wxu2_112px_seed3456,Scattered_Light,0,0.6349206349206349,0.8700874051138878,0.047619047619047616,0.06976744186046512,0.5816326530612245,0.6349206349206349,0.7269372693726938
qat_wxu2_112px_seed3456,Scattered_Light,1,0.643979057591623,0.9828288005319537,0.8823529411764706,0.9047619047619048,0.926829268292683,0.643979057591623,0.8287937743190662
qat_wxu2_112px_seed3456,Scattered_Light,2,0.03550295857988166,0.9053330880947797,0.15,0.07547169811320754,0.043478260869565216,0.03550295857988166,0.05416666666666667
qat_wxu2_112px_seed3456,Scattered_Light,3,0.1907514450867052,0.9331805249334123,1.0,0.6666666666666666,0.29591836734693877,0.1907514450867052,0.15510204081632653
qat_wxu2_112px_seed3456,Scattered_Light,4,0.5888324873096447,0.8600299962268543,0.23529411764705882,0.09523809523809523,0.39622641509433965,0.5888324873096447,0.7028985507246377
qat_wxu2_112px_seed3456,Scattered_Light,5,0.6542553191489362,0.888896261758078,0.6,0.6666666666666666,0.3902439024390244,0.6542553191489362,0.6810035842293907
qat_wxu2_112px_seed3456,Scattered_Light,6,0.6031746031746031,0.925825983877265,0.6,0.58,0.8235294117647058,0.6031746031746031,0.6559139784946236
qat_wxu2_112px_seed3456,Scattered_Light,7,0.4604651162790698,0.8660338207824083,0.18518518518518517,0.39622641509433965,0.288135593220339,0.4604651162790698,0.6549295774647887
qat_wxu2_112px_seed3456,Scattered_Light,8,0.555,0.8771139252763646,0.24,0.14583333333333334,0.33620689655172414,0.555,0.7689393939393939
qat_wxu2_112px_seed3456,Scattered_Light,9,0.6382978723404256,0.9462640218140934,0.8823529411764706,0.9512195121951219,0.6172839506172839,0.6382978723404256,0.7148148148148148
qat_wxu2_112px_seed3456,Scattered_Light,10,0.6051282051282051,0.8571792299673281,nan,nan,0.5050505050505051,0.6051282051282051,0.6491228070175439
qat_wxu2_112px_seed3456,Scattered_Light,11,0.6666666666666666,0.9053119366262131,0.7777777777777778,0.4878048780487805,0.24691358024691357,0.6666666666666666,0.7669172932330827
qat_wxu2_112px_seed3456,Scattered_Light,12,0.5888324873096447,0.9153537947164251,0.631578947368421,0.7555555555555555,0.5096153846153846,0.5888324873096447,0.7116788321167883
qat_wxu2_112px_seed3456,Scattered_Light,13,0.609375,0.8725079061263478,0.10526315789473684,0.0975609756097561,0.6288659793814433,0.609375,0.7343173431734318
qat_wxu2_112px_seed3456,Scattered_Light,14,0.22674418604651161,0.8574512755330689,0.7222222222222222,0.5,0.3917525773195876,0.22674418604651161,0.1774193548387097
qat_wxu2_112px_seed3456,Scattered_Light,15,0.583756345177665,0.8520217641487157,0.16666666666666666,0.1267605633802817,0.4752475247524752,0.583756345177665,0.6967509025270758
qat_wxu2_112px_seed3456,Scattered_Light,16,0.527363184079602,0.9001111645811398,0.3333333333333333,0.15555555555555556,0.12345679012345678,0.527363184079602,0.5498154981549815
qat_wxu2_112px_seed3456,Scattered_Light,17,0.627906976744186,0.9536990101208734,0.6842105263157895,0.8604651162790697,0.6790123456790124,0.627906976744186,0.7604562737642585
qat_wxu2_112px_seed3456,Scattered_Light,18,0.5939086294416244,0.9483833659082787,0.7777777777777778,0.8181818181818182,0.6458333333333334,0.5939086294416244,0.7153284671532847
qat_wxu2_112px_seed3456,Scattered_Light,19,0.03468208092485549,0.9155105553525951,0.0,0.0,0.010101010101010102,0.03468208092485549,0.045081967213114756
qat_wxu2_112px_seed3456,Violin_Mode,0,0.6382978723404256,0.89539742466255,0.0,0.0,0.012345679012345678,0.6382978723404256,0.6967509025270758
qat_wxu2_112px_seed3456,Violin_Mode,1,0.6387434554973822,0.8914287611615361,0.0,0.0,0.0,0.6387434554973822,0.7174721189591078
qat_wxu2_112px_seed3456,Violin_Mode,2,0.6113989637305699,0.973216474827734,0.8823529411764706,0.9512195121951219,0.5714285714285714,0.6113989637305699,0.7205882352941176
qat_wxu2_112px_seed3456,Violin_Mode,3,0.5828877005347594,0.8870198357285575,0.1,0.06976744186046512,0.0625,0.5828877005347594,0.6654676258992805
qat_wxu2_112px_seed3456,Violin_Mode,4,0.012738853503184714,0.8956447186478774,0.0,0.0,0.0,0.012738853503184714,0.7217741935483871
qat_wxu2_112px_seed3456,Violin_Mode,5,0.006097560975609756,0.9211568854058092,0.0,0.0,0.0,0.006097560975609756,0.012345679012345678
qat_wxu2_112px_seed3456,Violin_Mode,6,0.5858585858585859,0.9265553143886698,0.0,0.0,0.0125,0.5858585858585859,0.7205882352941176
qat_wxu2_112px_seed3456,Violin_Mode,7,0.6590909090909091,0.9052156833225224,nan,0.0,0.0,0.6590909090909091,0.7350746268656716
qat_wxu2_112px_seed3456,Violin_Mode,8,0.7374301675977654,0.9057523233540591,0.0,0.0,0.6105263157894737,0.7374301675977654,0.7490636704119851
qat_wxu2_112px_seed3456,Violin_Mode,9,0.0,0.842565415312157,nan,0.0,0.0,0.0,0.004098360655737705
qat_wxu2_112px_seed3456,Violin_Mode,10,0.012422360248447204,0.8643070194889584,0.0,0.0,0.0,0.012422360248447204,0.012658227848101266
qat_wxu2_112px_seed3456,Violin_Mode,11,0.6134020618556701,0.8789668217279515,0.0,0.0,0.4528301886792453,0.6134020618556701,0.7651515151515151
qat_wxu2_112px_seed3456,Violin_Mode,12,0.011764705882352941,0.8878842292019915,0.0,0.018518518518518517,0.02247191011235955,0.011764705882352941,0.02040816326530612
qat_wxu2_112px_seed3456,Violin_Mode,13,0.7670454545454546,0.923421189747375,0.0,0.0,0.012195121951219513,0.7670454545454546,0.7669172932330827
qat_wxu2_112px_seed3456,Violin_Mode,14,0.5888324873096447,0.8925190997381617,0.0,0.0,0.48514851485148514,0.5888324873096447,0.7137546468401487
qat_wxu2_112px_seed3456,Violin_Mode,15,0.583756345177665,0.8978772363910923,0.0,0.022222222222222223,0.011904761904761904,0.583756345177665,0.7058823529411765
qat_wxu2_112px_seed3456,Violin_Mode,16,0.7374301675977654,0.9057523233540591,0.0,0.0,0.6105263157894737,0.7374301675977654,0.7490636704119851
qat_wxu2_112px_seed3456,Violin_Mode,17,0.6373626373626373,0.8920878735536169,0.0,0.023809523809523808,0.0375,0.6373626373626373,0.6900369003690037
qat_wxu2_112px_seed3456,Violin_Mode,18,0.7430167597765364,0.951196545541962,0.5,0.24390243902439024,0.6421052631578947,0.7430167597765364,0.6967509025270758
qat_wxu2_112px_seed3456,Violin_Mode,19,0.03508771929824561,0.8794865609463268,0.3333333333333333,0.20689655172413793,0.20689655172413793,0.03508771929824561,0.036585365853658534
