run,class,position,iou,pcc
qat_wxu2_112px_seed1234,Blip,0,0.04697986577181208,0.7865973377428102
qat_wxu2_112px_seed1234,Blip,1,0.11940298507462686,0.9662601435717486
qat_wxu2_112px_seed1234,Blip,2,0.16129032258064516,0.9821152067104092
qat_wxu2_112px_seed1234,Blip,3,0.026755852842809364,0.7991452105806827
qat_wxu2_112px_seed1234,Blip,4,0.05128205128205128,0.8934517591010819
qat_wxu2_112px_seed1234,Blip,5,0.06896551724137931,0.9379835619217388
qat_wxu2_112px_seed1234,Blip,6,0.17647058823529413,0.9779893403267635
qat_wxu2_112px_seed1234,Blip,7,0.08865248226950355,0.9683767272332806
qat_wxu2_112px_seed1234,Blip,8,0.08424908424908426,0.9092449286936323
qat_wxu2_112px_seed1234,Blip,9,0.10037174721189591,0.9701127044575765
qat_wxu2_112px_seed1234,Blip,10,0.09507042253521127,0.9483202984156036
qat_wxu2_112px_seed1234,Blip,11,0.05818181818181818,0.8747448314418337
qat_wxu2_112px_seed1234,Blip,12,0.14661654135338345,0.912689950996491
qat_wxu2_112px_seed1234,Blip,13,0.09022556390977443,0.9213630601059183
qat_wxu2_112px_seed1234,Blip,14,0.22857142857142856,0.9812144831336549
qat_wxu2_112px_seed1234,Blip,15,0.07167235494880546,0.9130093176202944
qat_wxu2_112px_seed1234,Blip,16,0.07534246575342465,0.9161406641180163
qat_wxu2_112px_seed1234,Blip,17,0.06462585034013606,0.8786590050419544
qat_wxu2_112px_seed1234,Blip,18,0.10752688172043011,0.9507064831769372
qat_wxu2_112px_seed1234,Blip,19,0.1856060606060606,0.9815045474811886
qat_wxu2_112px_seed1234,Extremely_Loud,0,0.010416666666666666,0.9971170987452576
qat_wxu2_112px_seed1234,Extremely_Loud,1,0.7486033519553073,0.9929243686587323
qat_wxu2_112px_seed1234,Extremely_Loud,2,0.01948051948051948,0.996517606084863
qat_wxu2_112px_seed1234,Extremely_Loud,3,0.04487179487179487,0.9959571706357238
qat_wxu2_112px_seed1234,Extremely_Loud,4,0.007633587786259542,0.9963614742371938
qat_wxu2_112px_seed1234,Extremely_Loud,5,0.01948051948051948,0.996517606084863
qat_wxu2_112px_seed1234,Extremely_Loud,6,0.9503105590062112,0.996359850107282
qat_wxu2_112px_seed1234,Extremely_Loud,7,0.012738853503184714,0.9958237752049024
qat_wxu2_112px_seed1234,Extremely_Loud,8,0.016260162601626018,0.9968912985308755
qat_wxu2_112px_seed1234,Extremely_Loud,9,0.8902439024390244,0.996191742834709
qat_wxu2_112px_seed1234,Extremely_Loud,10,0.3705357142857143,0.9957525404593405
qat_wxu2_112px_seed1234,Extremely_Loud,11,0.9748427672955975,0.9963664153919384
qat_wxu2_112px_seed1234,Extremely_Loud,12,0.9030303030303031,0.9950362172844994
qat_wxu2_112px_seed1234,Extremely_Loud,13,0.9141104294478528,0.9960815892109134
qat_wxu2_112px_seed1234,Extremely_Loud,14,0.024193548387096774,0.9967887513210911
qat_wxu2_112px_seed1234,Extremely_Loud,15,0.9503105590062112,0.9951897361203923
qat_wxu2_112px_seed1234,Extremely_Loud,16,0.874251497005988,0.9929948925257766
qat_wxu2_112px_seed1234,Extremely_Loud,17,0.8690476190476191,0.9886912124283559
qat_wxu2_112px_seed1234,Extremely_Loud,18,0.4782608695652174,0.9967314014760783
qat_wxu2_112px_seed1234,Extremely_Loud,19,0.23553719008264462,0.9636467576011553
qat_wxu2_112px_seed1234,Scattered_Light,0,0.352112676056338,0.9289385360238995
qat_wxu2_112px_seed1234,Scattered_Light,1,0.7942857142857143,0.9892447969811845
qat_wxu2_112px_seed1234,Scattered_Light,2,0.25301204819277107,0.8834150954241605
qat_wxu2_112px_seed1234,Scattered_Light,3,0.24279835390946503,0.9629107298286792
qat_wxu2_112px_seed1234,Scattered_Light,4,0.17167381974248927,0.8103190030226592
qat_wxu2_112px_seed1234,Scattered_Light,5,0.6470588235294118,0.9190672738656768
qat_wxu2_112px_seed1234,Scattered_Light,6,0.6349206349206349,0.94336162386432
qat_wxu2_112px_seed1234,Scattered_Light,7,0.30638297872340425,0.8477654708644206
qat_wxu2_112px_seed1234,Scattered_Light,8,0.145985401459854,0.7729217114696068
qat_wxu2_112px_seed1234,Scattered_Light,9,0.3378995433789954,0.9570685822974218
qat_wxu2_112px_seed1234,Scattered_Light,10,0.4027777777777778,0.9015587161151786
qat_wxu2_112px_seed1234,Scattered_Light,11,0.2076923076923077,0.846804054843849
qat_wxu2_112px_seed1234,Scattered_Light,12,0.3017241379310345,0.8816441437808494
qat_wxu2_112px_seed1234,Scattered_Light,13,0.23137254901960785,0.7981192596560145
qat_wxu2_112px_seed1234,Scattered_Light,14,0.26222222222222225,0.7839822258427027
qat_wxu2_112px_seed1234,Scattered_Light,15,0.2857142857142857,0.8502204506928781
qat_wxu2_112px_seed1234,Scattered_Light,16,0.189873417721519,0.8293112189423771
qat_wxu2_112px_seed1234,Scattered_Light,17,0.35294117647058826,0.9652921163486251
qat_wxu2_112px_seed1234,Scattered_Light,18,0.6994535519125683,0.9686956676406798
qat_wxu2_112px_seed1234,Scattered_Light,19,0.053691275167785234,0.8477288586054472
qat_wxu2_112px_seed1234,Violin_Mode,0,0.016891891891891893,0.7629685473574496
qat_wxu2_112px_seed1234,Violin_Mode,1,0.0410958904109589,0.7258809948246518
qat_wxu2_112px_seed1234,Violin_Mode,2,0.5228426395939086,0.9822298221211669
qat_wxu2_112px_seed1234,Violin_Mode,3,0.19011406844106463,0.8647228653982444
qat_wxu2_112px_seed1234,Violin_Mode,4,0.03767123287671233,0.7646242355591304
qat_wxu2_112px_seed1234,Violin_Mode,5,0.0449438202247191,0.7934529026263104
qat_wxu2_112px_seed1234,Violin_Mode,6,0.08582089552238806,0.8174203445982877
qat_wxu2_112px_seed1234,Violin_Mode,7,0.017241379310344827,0.7483051149394973
qat_wxu2_112px_seed1234,Violin_Mode,8,0.13157894736842105,0.7552579707304999
qat_wxu2_112px_seed1234,Violin_Mode,9,0.0,0.7389256571008718
qat_wxu2_112px_seed1234,Violin_Mode,10,0.04513888888888889,0.7318725617895236
qat_wxu2_112px_seed1234,Violin_Mode,11,0.2157676348547718,0.7546297916378027
qat_wxu2_112px_seed1234,Violin_Mode,12,0.0035587188612099642,0.7605338571380316
qat_wxu2_112px_seed1234,Violin_Mode,13,0.11372549019607843,0.7559225033088679
qat_wxu2_112px_seed1234,Violin_Mode,14,0.2570281124497992,0.8415285318609826
qat_wxu2_112px_seed1234,Violin_Mode,15,0.06802721088435375,0.7767954731826282
qat_wxu2_112px_seed1234,Violin_Mode,16,0.13157894736842105,0.7552579707304999
qat_wxu2_112px_seed1234,Violin_Mode,17,0.02456140350877193,0.756083380293138
qat_wxu2_112px_seed1234,Violin_Mode,18,0.1935483870967742,0.9559947052267794
qat_wxu2_112px_seed1234,Violin_Mode,19,0.0576271186440678,0.9389273550671466
