run,class,k,chance,mean,min,max
qat_wxu2_112px_seed3456,Blip,0.02,0.010101010101010102,0.5416224216959511,0.0,1.0
qat_wxu2_112px_seed3456,Blip,0.05,0.025641025641025644,0.28600766075838,0.0,0.9117647058823529
qat_wxu2_112px_seed3456,Blip,0.1,0.052631578947368425,0.15108212211412997,0.009259259259259259,0.3924050632911392
qat_wxu2_112px_seed3456,Blip,0.2,0.11111111111111112,0.17017189019604753,0.02185792349726776,0.6740331491712708
qat_wxu2_112px_seed3456,Blip,0.3,0.17647058823529413,0.28202745594168277,0.036585365853658534,0.7593984962406015
qat_wxu2_112px_seed3456,Extremely_Loud,0.02,0.010101010101010102,0.16225385575224044,0.0,0.8823529411764706
qat_wxu2_112px_seed3456,Extremely_Loud,0.05,0.025641025641025644,0.16757551691842648,0.020833333333333332,0.9047619047619048
qat_wxu2_112px_seed3456,Extremely_Loud,0.1,0.052631578947368425,0.3580544090366654,0.0125,0.975
qat_wxu2_112px_seed3456,Extremely_Loud,0.2,0.11111111111111112,0.6061062985752556,0.02824858757062147,0.9873417721518988
qat_wxu2_112px_seed3456,Extremely_Loud,0.3,0.17647058823529413,0.882161288148801,0.7242647058823529,0.9831223628691983
qat_wxu2_112px_seed3456,Scattered_Light,0.02,0.010101010101010102,0.47482287590320843,0.0,1.0
qat_wxu2_112px_seed3456,Scattered_Light,0.05,0.025641025641025644,0.43967032613371676,0.0,0.9512195121951219
qat_wxu2_112px_seed3456,Scattered_Light,0.1,0.052631578947368425,0.44576668749304754,0.010101010101010102,0.926829268292683
qat_wxu2_112px_seed3456,Scattered_Light,0.2,0.11111111111111112,0.5034771627975243,0.03468208092485549,0.6666666666666666
qat_wxu2_112px_seed3456,Scattered_Light,0.3,0.17647058823529413,0.5875194195017338,0.045081967213114756,0.8287937743190662
qat_wxu2_112px_seed3456,Violin_Mode,0.02,0.010101010101010102,0.1008714596949891,0.0,0.8823529411764706
qat_wxu2_112px_seed3456,Violin_Mode,0.05,0.025641025641025644,0.07681681046771897,0.0,0.9512195121951219
qat_wxu2_112px_seed3456,Violin_Mode,0.1,0.052631578947368425,0.18754395972004842,0.0,0.6421052631578947
qat_wxu2_112px_seed3456,Violin_Mode,0.2,0.11111111111111112,0.46013323840918047,0.0,0.7670454545454546
qat_wxu2_112px_seed3456,Violin_Mode,0.3,0.17647058823529413,0.5450216343454439,0.004098360655737705,0.7669172932330827
