run,arm,bits,seed,layer,n_neurons,accuracy,mean_rate,dead_fraction,saturated_fraction,spike_com,cv_isi,cv_isi_defined_fraction
fp32_112px_seed1234,fp32,,1234,1,50176,0.9832752613240419,0.14887731075117328,0.16111288265306123,0.00047831632653061223,3.650301050487439,0.39142765952886854,0.98
fp32_112px_seed1234,fp32,,1234,2,25088,0.9832752613240419,0.15092224498684492,0.1256377551020408,0.0,3.8609592825405263,0.4022485992235937,0.95
fp32_112px_seed1234,fp32,,1234,3,12544,0.9832752613240419,0.15267158556584653,0.1132015306122449,0.0,3.8818486192484225,0.38271811108335535,0.94
fp32_112px_seed1234,fp32,,1234,4,6272,0.9832752613240419,0.11483981958419255,0.22767857142857142,0.0,3.9468775309868067,0.3935352810918011,0.92
fp32_112px_seed2345,fp32,,2345,1,50176,0.9818815331010453,0.38839967981693985,0.048728475765306124,0.07366071428571429,3.6523550508194904,0.346912851416377,0.985
fp32_112px_seed2345,fp32,,2345,2,25088,0.9818815331010453,0.24709778374546684,0.05775669642857143,0.006497130102040816,3.8290301873241486,0.37821772055920155,0.985
fp32_112px_seed2345,fp32,,2345,3,12544,0.9818815331010453,0.20597716247866743,0.12332589285714286,0.001753826530612245,3.8508969425488693,0.40300942710140786,0.945
fp32_112px_seed2345,fp32,,2345,4,6272,0.9818815331010453,0.1387432752391026,0.19228316326530612,0.00015943877551020407,3.9512593305759403,0.3756907325969641,0.88
fp32_112px_seed3456,fp32,,3456,1,50176,0.9846689895470383,0.23691946161358704,0.13406808035714285,0.06594786352040816,3.611533497996072,0.35943999506033786,0.985
fp32_112px_seed3456,fp32,,3456,2,25088,0.9846689895470383,0.15989192259275223,0.1267139668367347,0.0,3.772332515485007,0.425505419562092,0.98
fp32_112px_seed3456,fp32,,3456,3,12544,0.9846689895470383,0.19534343640003912,0.10817920918367346,0.0,3.7757317469625002,0.38797260522399113,0.93
fp32_112px_seed3456,fp32,,3456,4,6272,0.9846689895470383,0.1254507617506933,0.28714923469387754,0.004145408163265306,3.8083801701713846,0.3815038655499463,0.845
qat_w2u2_112px_seed1234,joint,2,1234,1,50176,0.6655052264808362,0.17569482251742158,0.12220982142857142,0.08209103954081633,3.569725157399203,0.2345666841301655,0.985
qat_w2u2_112px_seed1234,joint,2,1234,2,25088,0.6655052264808362,0.2587717193666447,0.04197225765306122,0.07393973214285714,3.6399033099976443,0.43776541172961664,0.995
qat_w2u2_112px_seed1234,joint,2,1234,3,12544,0.6655052264808362,0.3680505943122022,0.030293367346938774,0.08434311224489796,3.648699490973501,0.392833525891026,0.995
qat_w2u2_112px_seed1234,joint,2,1234,4,6272,0.6655052264808362,0.11086533589916804,0.4811862244897959,0.009247448979591837,3.771736810167329,0.36085733061283903,0.54
qat_w2u2_112px_seed2345,joint,2,2345,1,50176,0.443205574912892,0.436937579024968,0.0628188775510204,0.21837133290816327,3.5808608438530904,0.2130213084137581,0.985
qat_w2u2_112px_seed2345,joint,2,2345,2,25088,0.443205574912892,0.3913482312295563,0.08589764030612244,0.19411670918367346,3.6388754047051726,0.3100875724876612,0.985
qat_w2u2_112px_seed2345,joint,2,2345,3,12544,0.443205574912892,0.2555778641759405,0.27248086734693877,0.06855867346938775,3.684418552818552,0.40461805784882654,0.755
qat_w2u2_112px_seed2345,joint,2,2345,4,6272,0.443205574912892,0.10768753222107659,0.46524234693877553,0.003826530612244898,3.816843479398043,0.37052307032263404,0.635
qat_w2u2_112px_seed3456,joint,2,3456,1,50176,0.445993031358885,0.27726749403076784,0.11826371173469388,0.1214126275510204,3.5964907717656724,0.25626905198414873,1.0
qat_w2u2_112px_seed3456,joint,2,3456,2,25088,0.445993031358885,0.29815476352507464,0.04065688775510204,0.10008769132653061,3.6569071448222856,0.41755699160326043,1.0
qat_w2u2_112px_seed3456,joint,2,3456,3,12544,0.445993031358885,0.37948942370937927,0.10259885204081633,0.09295280612244898,3.682095511636018,0.3935346017929831,0.91
qat_w2u2_112px_seed3456,joint,2,3456,4,6272,0.445993031358885,0.12158894072655196,0.4803890306122449,0.01610331632653061,3.6856076982517423,0.36703649423727736,0.57
qat_w2ux_112px_seed1234,weight-only,2,1234,1,50176,0.6682926829268293,0.19208471893221574,0.09243463010204081,0.07559390943877552,3.6077723067737195,0.3620073564227152,0.985
qat_w2ux_112px_seed1234,weight-only,2,1234,2,25088,0.6682926829268293,0.2680642743813553,0.04217155612244898,0.04906728316326531,3.6933752541407285,0.3925775267391903,0.995
qat_w2ux_112px_seed1234,weight-only,2,1234,3,12544,0.6682926829268293,0.3680580801571499,0.03244579081632653,0.04934630102040816,3.673073225120565,0.3478427564184306,0.99
qat_w2ux_112px_seed1234,weight-only,2,1234,4,6272,0.6682926829268293,0.11373084512550663,0.45790816326530615,0.007334183673469388,3.7549949248447168,0.3003549699217221,0.56
qat_w2ux_112px_seed2345,weight-only,2,2345,1,50176,0.4445993031358885,0.43956709143397127,0.05819515306122449,0.22393176020408162,3.5703184886351758,0.2965343227295872,0.99
qat_w2ux_112px_seed2345,weight-only,2,2345,2,25088,0.4445993031358885,0.3754495048509386,0.08223054846938775,0.1611926020408163,3.612672754596914,0.31987440550272184,0.97
qat_w2ux_112px_seed2345,weight-only,2,2345,3,12544,0.4445993031358885,0.2753578344992178,0.23604910714285715,0.06584821428571429,3.6302551402370233,0.3350706197333614,0.8
qat_w2ux_112px_seed2345,weight-only,2,2345,4,6272,0.4445993031358885,0.12335246135692954,0.4111926020408163,0.004623724489795918,3.781462273014841,0.30761042873984684,0.66
qat_w2ux_112px_seed3456,weight-only,2,3456,1,50176,0.4418118466898955,0.272136148700824,0.11156728316326531,0.09747688137755102,3.60945149179143,0.3271701406866827,0.99
qat_w2ux_112px_seed3456,weight-only,2,3456,2,25088,0.4418118466898955,0.2616101635830726,0.04974489795918367,0.05715880102040816,3.7467080380715174,0.4249602534838148,0.995
qat_w2ux_112px_seed3456,weight-only,2,3456,3,12544,0.4418118466898955,0.3345242655261146,0.13719706632653061,0.07836415816326531,3.6914606702435235,0.3394073738261125,0.87
qat_w2ux_112px_seed3456,weight-only,2,3456,4,6272,0.4418118466898955,0.11545896423682714,0.4250637755102041,0.013392857142857142,3.6989537660009377,0.2996154742985685,0.57
qat_w4u4_112px_seed1234,joint,4,1234,1,50176,0.9846689895470383,0.15394531631930863,0.16838727678571427,0.021683673469387755,3.640801153371802,0.3789438457024173,0.98
qat_w4u4_112px_seed1234,joint,4,1234,2,25088,0.9846689895470383,0.15512707464845693,0.13209502551020408,0.0013950892857142857,3.8415299582664346,0.398126390250598,0.95
qat_w4u4_112px_seed1234,joint,4,1234,3,12544,0.9846689895470383,0.17424866560300079,0.10786033163265306,0.0,3.928051345610476,0.38524134484815015,0.95
qat_w4u4_112px_seed1234,joint,4,1234,4,6272,0.9846689895470383,0.12786387039571928,0.2222576530612245,0.00015943877551020407,3.9751824955471804,0.3969437231603011,0.925
qat_w4u4_112px_seed2345,joint,4,2345,1,50176,0.9818815331010453,0.40325598666214096,0.04819036989795918,0.08840880102040816,3.6676260207953373,0.33804357884818714,0.985
qat_w4u4_112px_seed2345,joint,4,2345,2,25088,0.9818815331010453,0.2731524094421087,0.05412946428571429,0.020169005102040817,3.828008451076145,0.378893022244628,0.99
qat_w4u4_112px_seed2345,joint,4,2345,3,12544,0.9818815331010453,0.2429106617875809,0.11647002551020408,0.008051658163265306,3.860006919879284,0.4019582079526102,0.96
qat_w4u4_112px_seed2345,joint,4,2345,4,6272,0.9818815331010453,0.17364765919433975,0.17793367346938777,0.0011160714285714285,3.944855649921667,0.37819749715827905,0.91
qat_w4u4_112px_seed3456,joint,4,3456,1,50176,0.98397212543554,0.24549641533578806,0.13512436224489796,0.07069116709183673,3.6070078739227593,0.3509244841302079,0.985
qat_w4u4_112px_seed3456,joint,4,3456,2,25088,0.98397212543554,0.17318389096165474,0.11910076530612244,0.0014748086734693877,3.7715482714537223,0.4238478370612843,0.98
qat_w4u4_112px_seed3456,joint,4,3456,3,12544,0.98397212543554,0.22667642650483538,0.09518494897959184,0.0,3.821736747043722,0.3884267033509288,0.96
qat_w4u4_112px_seed3456,joint,4,3456,4,6272,0.98397212543554,0.14598257339739032,0.2493622448979592,0.008290816326530613,3.8117914943213944,0.38658606314225297,0.86
qat_w4ux_112px_seed1234,weight-only,4,1234,1,50176,0.9853658536585366,0.15530582176522612,0.15593112244897958,0.017059948979591837,3.623482855349672,0.38411929332764866,0.98
qat_w4ux_112px_seed1234,weight-only,4,1234,2,25088,0.9853658536585366,0.1589226133070824,0.12623565051020408,0.0009964923469387755,3.826335213257903,0.40167093345797805,0.95
qat_w4ux_112px_seed1234,weight-only,4,1234,3,12544,0.9853658536585366,0.1787144790407452,0.10315688775510204,0.0,3.841114944940511,0.3836986955291751,0.95
qat_w4ux_112px_seed1234,weight-only,4,1234,4,6272,0.9853658536585366,0.13653340936766692,0.2074298469387755,0.0015943877551020409,3.899088930606042,0.3841290144392311,0.935
qat_w4ux_112px_seed2345,weight-only,4,2345,1,50176,0.9825783972125436,0.4034233018937104,0.047532684948979595,0.08201132015306123,3.6449358241905103,0.34555457426127084,0.985
qat_w4ux_112px_seed2345,weight-only,4,2345,2,25088,0.9825783972125436,0.2743001984929425,0.04958545918367347,0.023397640306122448,3.797334627523564,0.3825032288911073,0.99
qat_w4ux_112px_seed2345,weight-only,4,2345,3,12544,0.9825783972125436,0.23888340914545264,0.11391900510204081,0.007732780612244898,3.789713030946063,0.40589120376498566,0.955
qat_w4ux_112px_seed2345,weight-only,4,2345,4,6272,0.9825783972125436,0.1817914807473512,0.15896045918367346,0.0007971938775510204,3.8676170706000526,0.38358477111013173,0.915
qat_w4ux_112px_seed3456,weight-only,4,3456,1,50176,0.9825783972125436,0.24330759559104567,0.13333067602040816,0.07045200892857142,3.5892349190216395,0.35593656601184415,0.985
qat_w4ux_112px_seed3456,weight-only,4,3456,2,25088,0.9825783972125436,0.16537864764808363,0.12519929846938777,0.0,3.7520361428744424,0.42621080764068686,0.98
qat_w4ux_112px_seed3456,weight-only,4,3456,3,12544,0.9825783972125436,0.20655592662260897,0.10730229591836735,0.0,3.7522939147882153,0.3881882956405706,0.95
qat_w4ux_112px_seed3456,weight-only,4,3456,4,6272,0.9825783972125436,0.1303339909025457,0.28236607142857145,0.006696428571428571,3.75708168711394,0.38705861908580597,0.83
qat_w8u8_112px_seed1234,joint,8,1234,1,50176,0.98397212543554,0.1511562505555358,0.16368383290816327,0.0004982461734693878,3.640975519029163,0.390790695311668,0.98
qat_w8u8_112px_seed1234,joint,8,1234,2,25088,0.98397212543554,0.15445000149994664,0.1256377551020408,0.0,3.8489549376211443,0.4019305975840185,0.95
qat_w8u8_112px_seed1234,joint,8,1234,3,12544,0.98397212543554,0.16301589832361515,0.10786033163265306,0.0,3.8781491420450003,0.38584576880666493,0.94
qat_w8u8_112px_seed1234,joint,8,1234,4,6272,0.98397212543554,0.12433831519323758,0.21651785714285715,0.0,3.9440051282984965,0.38759329266505577,0.925
qat_w8u8_112px_seed2345,joint,8,2345,1,50176,0.9825783972125436,0.39031978168554005,0.04856903698979592,0.07497608418367346,3.6502027592241375,0.34664490793019015,0.985
qat_w8u8_112px_seed2345,joint,8,2345,2,25088,0.9825783972125436,0.2549362342116725,0.05532525510204082,0.009287308673469387,3.8220523640106565,0.3799066829587809,0.985
qat_w8u8_112px_seed2345,joint,8,2345,3,12544,0.9825783972125436,0.2126226692495378,0.11854272959183673,0.002072704081632653,3.829441388419705,0.40706214258547213,0.95
qat_w8u8_112px_seed2345,joint,8,2345,4,6272,0.9825783972125436,0.15458957292629594,0.1642219387755102,0.00015943877551020407,3.925051152899892,0.38396177111364976,0.905
qat_w8u8_112px_seed3456,joint,8,3456,1,50176,0.9832752613240419,0.24000770250391099,0.13313137755102042,0.06812021683673469,3.6036662146524927,0.35946174537674974,0.985
qat_w8u8_112px_seed3456,joint,8,3456,2,25088,0.9832752613240419,0.16686340735662736,0.125,0.0,3.745489973962912,0.4251876122233838,0.985
qat_w8u8_112px_seed3456,joint,8,3456,3,12544,0.9832752613240419,0.2196961538589739,0.09933035714285714,0.0,3.7692944840454663,0.37829187840533424,0.965
qat_w8u8_112px_seed3456,joint,8,3456,4,6272,0.9832752613240419,0.14237654883381923,0.2531887755102041,0.005899234693877551,3.790068669136035,0.38424524967698853,0.865
qat_w8ux_112px_seed1234,weight-only,8,1234,1,50176,0.9818815331010453,0.1502262749407799,0.1623485331632653,0.00047831632653061223,3.645310618808266,0.39061091509695006,0.98
qat_w8ux_112px_seed1234,weight-only,8,1234,2,25088,0.9818815331010453,0.15284429123075624,0.12551817602040816,0.0,3.856024484469484,0.40091778936357514,0.95
qat_w8ux_112px_seed1234,weight-only,8,1234,3,12544,0.9818815331010453,0.15810753117666926,0.11033163265306123,0.0,3.883741926382363,0.3850203051476383,0.94
qat_w8ux_112px_seed1234,weight-only,8,1234,4,6272,0.9818815331010453,0.11885778783421035,0.22576530612244897,0.0,3.9498622644254278,0.3890669900806642,0.93
qat_w8ux_112px_seed2345,weight-only,8,2345,1,50176,0.9818815331010453,0.3892449917752924,0.04860889668367347,0.07465720663265306,3.650982009805699,0.34638686527815726,0.985
qat_w8ux_112px_seed2345,weight-only,8,2345,2,25088,0.9818815331010453,0.25165286484258337,0.05739795918367347,0.010004783163265306,3.824462922173913,0.3789903697445442,0.985
qat_w8ux_112px_seed2345,weight-only,8,2345,3,12544,0.9818815331010453,0.21085266968285574,0.12045599489795919,0.002152423469387755,3.8367022062804654,0.4059888735977242,0.945
qat_w8ux_112px_seed2345,weight-only,8,2345,4,6272,0.9818815331010453,0.15161730360698286,0.1717155612244898,0.00015943877551020407,3.9392669156643767,0.38045269150065586,0.905
qat_w8ux_112px_seed3456,weight-only,8,3456,1,50176,0.9832752613240419,0.23695274862449334,0.13400829081632654,0.06580835459183673,3.6109563146611365,0.3595505974812693,0.985
qat_w8ux_112px_seed3456,weight-only,8,3456,2,25088,0.9832752613240419,0.1598802042594041,0.12751116071428573,0.0,3.7711503707852754,0.42534438204300073,0.98
qat_w8ux_112px_seed3456,weight-only,8,3456,3,12544,0.9832752613240419,0.1957382626395506,0.10833864795918367,0.0,3.777978510331173,0.38888871351480864,0.93
qat_w8ux_112px_seed3456,weight-only,8,3456,4,6272,0.9832752613240419,0.12578473598716491,0.28683035714285715,0.00430484693877551,3.8123124411286384,0.3808381408790804,0.845
qat_wxu2_112px_seed1234,membrane-only,2,1234,1,50176,0.9825783972125436,0.16391138210919168,0.19182477678571427,0.05002391581632653,3.6148178334394396,0.2419881248373706,0.98
qat_wxu2_112px_seed1234,membrane-only,2,1234,2,25088,0.9825783972125436,0.18105879152074592,0.11790497448979592,0.019969706632653062,3.839826140004103,0.43007672257772295,0.97
qat_wxu2_112px_seed1234,membrane-only,2,1234,3,12544,0.9825783972125436,0.19670202003928747,0.09127869897959184,0.0033482142857142855,3.9379573211954573,0.4283337752033754,0.975
qat_wxu2_112px_seed1234,membrane-only,2,1234,4,6272,0.9825783972125436,0.14396411738693735,0.18861607142857142,0.00015943877551020407,3.9738719257634614,0.4167210606173962,0.95
qat_wxu2_112px_seed2345,membrane-only,2,2345,1,50176,0.9818815331010453,0.4073419958957014,0.06748246173469388,0.1038345025510204,3.654730139021526,0.25223796674612187,0.98
qat_wxu2_112px_seed2345,membrane-only,2,2345,2,25088,0.9818815331010453,0.28794699452352807,0.06341677295918367,0.027901785714285716,3.8789709115152045,0.3818412139947287,0.995
qat_wxu2_112px_seed2345,membrane-only,2,2345,3,12544,0.9818815331010453,0.24067867170278387,0.1012436224489796,0.003587372448979592,3.9546857737599233,0.41812175477763136,0.98
qat_wxu2_112px_seed2345,membrane-only,2,2345,4,6272,0.9818815331010453,0.16558016826068409,0.1477997448979592,0.00015943877551020407,4.030910580567539,0.40402735236725024,0.935
qat_wxu2_112px_seed3456,membrane-only,2,3456,1,50176,0.9825783972125436,0.247006663721401,0.15208466198979592,0.08422353316326531,3.6023491333485196,0.24558790910932213,0.985
qat_wxu2_112px_seed3456,membrane-only,2,3456,2,25088,0.9825783972125436,0.18383826908376594,0.11886160714285714,0.01331313775510204,3.7738418749328577,0.43062022985076215,0.99
qat_wxu2_112px_seed3456,membrane-only,2,3456,3,12544,0.9825783972125436,0.25057602813011093,0.09159757653061225,7.971938775510203e-05,3.9014000048941044,0.43654859519802436,0.97
qat_wxu2_112px_seed3456,membrane-only,2,3456,4,6272,0.9825783972125436,0.14386807913496408,0.250797193877551,0.003985969387755102,3.9157256534737863,0.40112046393280304,0.89
qat_wxu4_112px_seed1234,membrane-only,4,1234,1,50176,0.9832752613240419,0.15156220660765396,0.17155612244897958,0.0005580357142857143,3.6600801565262384,0.38510758687927615,0.98
qat_wxu4_112px_seed1234,membrane-only,4,1234,2,25088,0.9832752613240419,0.1544448454332735,0.1263153698979592,0.0,3.86088552331985,0.3973289016272235,0.95
qat_wxu4_112px_seed1234,membrane-only,4,1234,3,12544,0.9832752613240419,0.16306334802540356,0.10778061224489796,0.0,3.9296237958360964,0.3859713857099716,0.94
qat_wxu4_112px_seed1234,membrane-only,4,1234,4,6272,0.9832752613240419,0.12160153750088885,0.22050382653061223,0.0,3.990605807331564,0.3928570496186422,0.93
qat_wxu4_112px_seed2345,membrane-only,4,2345,1,50176,0.9825783972125436,0.3926596394628191,0.04958545918367347,0.07858338647959184,3.6735172165580656,0.3401290977152875,0.985
qat_wxu4_112px_seed2345,membrane-only,4,2345,2,25088,0.9825783972125436,0.25524583084268115,0.05859375,0.011001275510204082,3.8525319454287885,0.3761472409464945,0.985
qat_wxu4_112px_seed2345,membrane-only,4,2345,3,12544,0.9825783972125436,0.2153136777359027,0.11894132653061225,0.002072704081632653,3.8966047901534244,0.4047893592512852,0.95
qat_wxu4_112px_seed2345,membrane-only,4,2345,4,6272,0.9825783972125436,0.15634288558629025,0.16741071428571427,0.00015943877551020407,4.002110847849817,0.38223547396009755,0.91
qat_wxu4_112px_seed3456,membrane-only,4,3456,1,50176,0.9846689895470383,0.24166601159736545,0.13528380102040816,0.0694156568877551,3.6227816712801646,0.3529252369681583,0.985
qat_wxu4_112px_seed3456,membrane-only,4,3456,2,25088,0.9846689895470383,0.17013566253755422,0.11961894132653061,0.0,3.782251061834423,0.4222504547837401,0.985
qat_wxu4_112px_seed3456,membrane-only,4,3456,3,12544,0.9846689895470383,0.22122938406634432,0.09693877551020408,0.0,3.8378684032136943,0.3829905745028952,0.965
qat_wxu4_112px_seed3456,membrane-only,4,3456,4,6272,0.9846689895470383,0.14183995680153597,0.24744897959183673,0.005580357142857143,3.8410940541514407,0.38334383085654394,0.88
qat_wxu8_112px_seed1234,membrane-only,8,1234,1,50176,0.9832752613240419,0.14890224042034061,0.1612922512755102,0.00047831632653061223,3.649859206064912,0.3923294554001186,0.98
qat_wxu8_112px_seed1234,membrane-only,8,1234,2,25088,0.9832752613240419,0.1510305466916732,0.12535873724489796,0.0,3.860998294555765,0.40371334915324186,0.95
qat_wxu8_112px_seed1234,membrane-only,8,1234,3,12544,0.9832752613240419,0.1529306666318531,0.11288265306122448,0.0,3.8792401456327146,0.38464339741263753,0.94
qat_wxu8_112px_seed1234,membrane-only,8,1234,4,6272,0.9832752613240419,0.1150583673691602,0.22576530612244897,0.0,3.9408326178402864,0.39502374928832135,0.92
qat_wxu8_112px_seed2345,membrane-only,8,2345,1,50176,0.9832752613240419,0.39052626739938134,0.04848931760204082,0.0752750318877551,3.650450985958159,0.34622128914620076,0.985
qat_wxu8_112px_seed2345,membrane-only,8,2345,2,25088,0.9832752613240419,0.2556950023721378,0.05488679846938776,0.010443239795918368,3.8212679616558196,0.381423342436148,0.985
qat_wxu8_112px_seed2345,membrane-only,8,2345,3,12544,0.9832752613240419,0.21448315171016138,0.1172672193877551,0.001992984693877551,3.8264905652509276,0.40692411647319204,0.95
qat_wxu8_112px_seed2345,membrane-only,8,2345,4,6272,0.9832752613240419,0.15473642881586433,0.1639030612244898,0.00015943877551020407,3.918916970989063,0.3840335198556023,0.91
qat_wxu8_112px_seed3456,membrane-only,8,3456,1,50176,0.9832752613240419,0.23812406288054205,0.13406808035714285,0.06658561862244898,3.609013558677428,0.3588813865793081,0.985
qat_wxu8_112px_seed3456,membrane-only,8,3456,2,25088,0.9832752613240419,0.1619826190902101,0.12611607142857142,0.0,3.762331629886086,0.4261832766773197,0.98
qat_wxu8_112px_seed3456,membrane-only,8,3456,3,12544,0.9832752613240419,0.20376984512772878,0.10467155612244898,0.0,3.7729830808793965,0.38561685539736795,0.945
qat_wxu8_112px_seed3456,membrane-only,8,3456,4,6272,0.9832752613240419,0.13097037105347364,0.2705676020408163,0.004145408163265306,3.795841064698296,0.38511699923184517,0.85
qat_wxux_112px_seed1234,control,,1234,1,50176,0.9832752613240419,0.14887731075117328,0.16111288265306123,0.00047831632653061223,3.650301050487439,0.39142765952886854,0.98
qat_wxux_112px_seed1234,control,,1234,2,25088,0.9832752613240419,0.15092224498684492,0.1256377551020408,0.0,3.8609592825405263,0.4022485992235937,0.95
qat_wxux_112px_seed1234,control,,1234,3,12544,0.9832752613240419,0.15267158556584653,0.1132015306122449,0.0,3.8818486192484225,0.38271811108335535,0.94
qat_wxux_112px_seed1234,control,,1234,4,6272,0.9832752613240419,0.11483981958419255,0.22767857142857142,0.0,3.9468775309868067,0.3935352810918011,0.92
qat_wxux_112px_seed2345,control,,2345,1,50176,0.9818815331010453,0.38839967981693985,0.048728475765306124,0.07366071428571429,3.6523550508194904,0.346912851416377,0.985
qat_wxux_112px_seed2345,control,,2345,2,25088,0.9818815331010453,0.24709778374546684,0.05775669642857143,0.006497130102040816,3.8290301873241486,0.37821772055920155,0.985
qat_wxux_112px_seed2345,control,,2345,3,12544,0.9818815331010453,0.20597716247866743,0.12332589285714286,0.001753826530612245,3.8508969425488693,0.40300942710140786,0.945
qat_wxux_112px_seed2345,control,,2345,4,6272,0.9818815331010453,0.1387432752391026,0.19228316326530612,0.00015943877551020407,3.9512593305759403,0.3756907325969641,0.88
qat_wxux_112px_seed3456,control,,3456,1,50176,0.9846689895470383,0.23691946161358704,0.13406808035714285,0.06594786352040816,3.611533497996072,0.35943999506033786,0.985
qat_wxux_112px_seed3456,control,,3456,2,25088,0.9846689895470383,0.15989192259275223,0.1267139668367347,0.0,3.772332515485007,0.425505419562092,0.98
qat_wxux_112px_seed3456,control,,3456,3,12544,0.9846689895470383,0.19534343640003912,0.10817920918367346,0.0,3.7757317469625002,0.38797260522399113,0.93
qat_wxux_112px_seed3456,control,,3456,4,6272,0.9846689895470383,0.1254507617506933,0.28714923469387754,0.004145408163265306,3.8083801701713846,0.3815038655499463,0.845
