run,arm,membrane_bits,seed,class,snr_bin,n_images,median_snr,pcc,iou,com_shift
qat_wxu2_112px_seed1234,membrane-only,2,1234,Blip,low,15,8.31270027160645,0.8626760913019051,0.06822611815315138,-0.13420639038085938
qat_wxu2_112px_seed1234,membrane-only,2,1234,Blip,mid,15,12.0867700576782,0.9475331462083459,0.11074097064141969,-0.11369787851969401
qat_wxu2_112px_seed1234,membrane-only,2,1234,Blip,high,15,29.7150993347168,0.9775908975125989,0.18900043030521466,-0.0882703463236491
qat_wxu2_112px_seed1234,membrane-only,2,1234,Extremely_Loud,low,15,150.345687866211,0.990467078659525,0.8716711710033357,-0.016031265258789062
qat_wxu2_112px_seed1234,membrane-only,2,1234,Extremely_Loud,mid,15,1089.16564941406,0.9894047890342896,0.6753021490386223,-0.00793453852335612
qat_wxu2_112px_seed1234,membrane-only,2,1234,Extremely_Loud,high,15,2635.20166015625,0.9960288001463786,0.40260420792366813,-0.019516754150390624
qat_wxu2_112px_seed1234,membrane-only,2,1234,Scattered_Light,low,15,8.99139976501465,0.7985643689573984,0.17866327949713856,-0.10598341623942058
qat_wxu2_112px_seed1234,membrane-only,2,1234,Scattered_Light,mid,15,11.2626695632935,0.8704160707403936,0.3277661894718881,-0.07640972137451171
qat_wxu2_112px_seed1234,membrane-only,2,1234,Scattered_Light,high,15,30.788330078125,0.9494874884032348,0.6215852714280439,-0.037108389536539714
qat_wxu2_112px_seed1234,membrane-only,2,1234,Violin_Mode,low,15,8.10966014862061,0.7788676193987276,0.10323655259537445,-0.11661599477132162
qat_wxu2_112px_seed1234,membrane-only,2,1234,Violin_Mode,mid,15,11.0730400085449,0.8135083237703756,0.10843657329767717,-0.11436748504638672
qat_wxu2_112px_seed1234,membrane-only,2,1234,Violin_Mode,high,15,23.662769317627,0.8833899259497399,0.2375848058595494,-0.08989508946736653
qat_wxu2_112px_seed2345,membrane-only,2,2345,Blip,low,15,8.31270027160645,0.9400380228372291,0.6196424680879898,-0.04772631327311198
qat_wxu2_112px_seed2345,membrane-only,2,2345,Blip,mid,15,12.0867700576782,0.9399409382859871,0.6541940077529347,-0.03372344970703125
qat_wxu2_112px_seed2345,membrane-only,2,2345,Blip,high,15,29.7150993347168,0.9395200255206271,0.6571892668056672,-0.027707608540852864
qat_wxu2_112px_seed2345,membrane-only,2,2345,Extremely_Loud,low,15,150.345687866211,0.9590701573706127,0.7499765767799838,0.019945557912190756
qat_wxu2_112px_seed2345,membrane-only,2,2345,Extremely_Loud,mid,15,1089.16564941406,0.9731921899304757,0.6976001472714022,0.0349612553914388
qat_wxu2_112px_seed2345,membrane-only,2,2345,Extremely_Loud,high,15,2635.20166015625,0.9833627398659266,0.5476791481752722,0.029274463653564453
qat_wxu2_112px_seed2345,membrane-only,2,2345,Scattered_Light,low,15,8.99139976501465,0.9445790497776285,0.6475157080159216,0.020499293009440103
qat_wxu2_112px_seed2345,membrane-only,2,2345,Scattered_Light,mid,15,11.2626695632935,0.9441064627072756,0.6224178313149274,0.029907925923665365
qat_wxu2_112px_seed2345,membrane-only,2,2345,Scattered_Light,high,15,30.788330078125,0.9377644920725153,0.6261171869082703,0.024228986104329428
qat_wxu2_112px_seed2345,membrane-only,2,2345,Violin_Mode,low,15,8.10966014862061,0.9384468719944276,0.6683515855203404,0.0037819544474283853
qat_wxu2_112px_seed2345,membrane-only,2,2345,Violin_Mode,mid,15,11.0730400085449,0.9394012954169547,0.6300987370284815,0.0003123283386230469
qat_wxu2_112px_seed2345,membrane-only,2,2345,Violin_Mode,high,15,23.662769317627,0.9390438917373699,0.630236354342665,-0.0011471748352050782
qat_wxu2_112px_seed3456,membrane-only,2,3456,Blip,low,15,8.31270027160645,0.8724781139389962,0.13662757853005825,-0.14489558537801106
qat_wxu2_112px_seed3456,membrane-only,2,3456,Blip,mid,15,12.0867700576782,0.8875724829465167,0.2162737166236055,-0.1378167470296224
qat_wxu2_112px_seed3456,membrane-only,2,3456,Blip,high,15,29.7150993347168,0.9176350000169881,0.30016420826036005,-0.11228783925374348
qat_wxu2_112px_seed3456,membrane-only,2,3456,Extremely_Loud,low,15,150.345687866211,0.9864198251826112,0.8946041326391772,-0.011494096120198567
qat_wxu2_112px_seed3456,membrane-only,2,3456,Extremely_Loud,mid,15,1089.16564941406,0.9908593825335432,0.7543158840854163,0.010884443918863932
qat_wxu2_112px_seed3456,membrane-only,2,3456,Extremely_Loud,high,15,2635.20166015625,0.9944359976714203,0.5410024541893174,0.007349268595377604
qat_wxu2_112px_seed3456,membrane-only,2,3456,Scattered_Light,low,15,8.99139976501465,0.8770487469393228,0.4793337288134983,-0.08367665608723958
qat_wxu2_112px_seed3456,membrane-only,2,3456,Scattered_Light,mid,15,11.2626695632935,0.8789173832102338,0.5373218880980077,-0.05581111907958984
qat_wxu2_112px_seed3456,membrane-only,2,3456,Scattered_Light,high,15,30.788330078125,0.9416678565532889,0.6175698403005067,-0.031079546610514323
qat_wxu2_112px_seed3456,membrane-only,2,3456,Violin_Mode,low,15,8.10966014862061,0.8828171251188498,0.5192709474528299,-0.0913831075032552
qat_wxu2_112px_seed3456,membrane-only,2,3456,Violin_Mode,mid,15,11.0730400085449,0.8895203595082506,0.365049119351344,-0.10080318450927735
qat_wxu2_112px_seed3456,membrane-only,2,3456,Violin_Mode,high,15,23.662769317627,0.9224017717112816,0.3952261745937057,-0.09864880243937174
qat_wxu4_112px_seed1234,membrane-only,4,1234,Blip,low,15,8.31270027160645,0.9772363055523283,0.6213128264545257,0.05269346237182617
qat_wxu4_112px_seed1234,membrane-only,4,1234,Blip,mid,15,12.0867700576782,0.9924626702058511,0.635996600908431,0.0583070437113444
qat_wxu4_112px_seed1234,membrane-only,4,1234,Blip,high,15,29.7150993347168,0.9969261081382687,0.6817201925712778,0.04841744105021159
qat_wxu4_112px_seed1234,membrane-only,4,1234,Extremely_Loud,low,15,150.345687866211,0.9994377411569169,0.9364782211618555,0.006684525807698568
qat_wxu4_112px_seed1234,membrane-only,4,1234,Extremely_Loud,mid,15,1089.16564941406,0.9991153402139727,0.8232476434298371,-0.002042229970296224
qat_wxu4_112px_seed1234,membrane-only,4,1234,Extremely_Loud,high,15,2635.20166015625,0.9995100515069113,0.702616474929319,-0.0040542920430501304
qat_wxu4_112px_seed1234,membrane-only,4,1234,Scattered_Light,low,15,8.99139976501465,0.9613648675201597,0.5811821587510583,0.04216893513997396
qat_wxu4_112px_seed1234,membrane-only,4,1234,Scattered_Light,mid,15,11.2626695632935,0.9815291861616031,0.6892280149795663,0.029587809244791666
qat_wxu4_112px_seed1234,membrane-only,4,1234,Scattered_Light,high,15,30.788330078125,0.9936789374179846,0.8232052764771055,0.018535455067952473
qat_wxu4_112px_seed1234,membrane-only,4,1234,Violin_Mode,low,15,8.10966014862061,0.9564815382690434,0.600855336674711,0.04901905059814453
qat_wxu4_112px_seed1234,membrane-only,4,1234,Violin_Mode,mid,15,11.0730400085449,0.9664494149697153,0.621354945482772,0.04639654159545899
qat_wxu4_112px_seed1234,membrane-only,4,1234,Violin_Mode,high,15,23.662769317627,0.9825055313234334,0.6940334587627831,0.034661070505778
qat_wxu4_112px_seed2345,membrane-only,4,2345,Blip,low,15,8.31270027160645,0.9888924832795312,0.8027836692016888,0.051400407155354814
qat_wxu4_112px_seed2345,membrane-only,4,2345,Blip,mid,15,12.0867700576782,0.9891115129826832,0.8096746731987425,0.05468330383300781
qat_wxu4_112px_seed2345,membrane-only,4,2345,Blip,high,15,29.7150993347168,0.9893682056307559,0.8149938990804504,0.05243345896402995
qat_wxu4_112px_seed2345,membrane-only,4,2345,Extremely_Loud,low,15,150.345687866211,0.9959271164399891,0.9023276609574312,0.029666805267333986
qat_wxu4_112px_seed2345,membrane-only,4,2345,Extremely_Loud,mid,15,1089.16564941406,0.9973569163381516,0.8464228876070009,0.020960203806559243
qat_wxu4_112px_seed2345,membrane-only,4,2345,Extremely_Loud,high,15,2635.20166015625,0.9982884916158156,0.8014344870538286,0.013567924499511719
qat_wxu4_112px_seed2345,membrane-only,4,2345,Scattered_Light,low,15,8.99139976501465,0.9882117125807499,0.7942119221718454,0.06805321375528971
qat_wxu4_112px_seed2345,membrane-only,4,2345,Scattered_Light,mid,15,11.2626695632935,0.9888076834577564,0.779009952935236,0.06978009541829427
qat_wxu4_112px_seed2345,membrane-only,4,2345,Scattered_Light,high,15,30.788330078125,0.9897925517168016,0.8107364737338177,0.06194318135579427
qat_wxu4_112px_seed2345,membrane-only,4,2345,Violin_Mode,low,15,8.10966014862061,0.9873450887260203,0.7941812742499432,0.06264591217041016
qat_wxu4_112px_seed2345,membrane-only,4,2345,Violin_Mode,mid,15,11.0730400085449,0.9881234551282141,0.8189067955484448,0.061041069030761716
qat_wxu4_112px_seed2345,membrane-only,4,2345,Violin_Mode,high,15,23.662769317627,0.9893541236980603,0.8159926242873056,0.05660788218180338
qat_wxu4_112px_seed3456,membrane-only,4,3456,Blip,low,15,8.31270027160645,0.9748832663251475,0.7484811166013483,0.06609455744425456
qat_wxu4_112px_seed3456,membrane-only,4,3456,Blip,mid,15,12.0867700576782,0.9789877136927427,0.745592799419309,0.06335252126057943
qat_wxu4_112px_seed3456,membrane-only,4,3456,Blip,high,15,29.7150993347168,0.9859619913365566,0.7872280576162939,0.05833644866943359
qat_wxu4_112px_seed3456,membrane-only,4,3456,Extremely_Loud,low,15,150.345687866211,0.9983955232717692,0.9399124194403422,0.011106268564860026
qat_wxu4_112px_seed3456,membrane-only,4,3456,Extremely_Loud,mid,15,1089.16564941406,0.9987097218796571,0.8734729874342642,-0.0026560147603352864
qat_wxu4_112px_seed3456,membrane-only,4,3456,Extremely_Loud,high,15,2635.20166015625,0.998814044855018,0.7976024877432749,-0.007224877675374349
qat_wxu4_112px_seed3456,membrane-only,4,3456,Scattered_Light,low,15,8.99139976501465,0.9721618260536112,0.6594606539987168,0.07639563878377278
qat_wxu4_112px_seed3456,membrane-only,4,3456,Scattered_Light,mid,15,11.2626695632935,0.9742633260283973,0.688144449192586,0.06597124735514323
qat_wxu4_112px_seed3456,membrane-only,4,3456,Scattered_Light,high,15,30.788330078125,0.9897421405909044,0.768749048295986,0.05090541839599609
qat_wxu4_112px_seed3456,membrane-only,4,3456,Violin_Mode,low,15,8.10966014862061,0.9735346708835214,0.7064308187558022,0.07500483194986979
qat_wxu4_112px_seed3456,membrane-only,4,3456,Violin_Mode,mid,15,11.0730400085449,0.9759799025163542,0.7331677254602964,0.06554079055786133
qat_wxu4_112px_seed3456,membrane-only,4,3456,Violin_Mode,high,15,23.662769317627,0.983876570343019,0.7339742417670306,0.05761591593424479
