arm,bits,n_seeds,test_accuracy_mean,test_accuracy_min,test_accuracy_max,val_accuracy_mean,energy_ratio_mean,memory_ratio_mean,iou_Blip,iou_Blip_min,iou_Blip_max,iou_Extremely_Loud,iou_Extremely_Loud_min,iou_Extremely_Loud_max,iou_Scattered_Light,iou_Scattered_Light_min,iou_Scattered_Light_max,iou_Violin_Mode,iou_Violin_Mode_min,iou_Violin_Mode_max
weight-only,8,3,0.9756267409470752,0.9749303621169917,0.9763231197771588,0.9823461091753775,0.03647783993199306,0.431309871315216,0.8211931810955866,0.7157565178872538,0.9048065905848626,0.8541530948488566,0.7763888566972514,0.9552629783799768,0.8410619471994676,0.7835211680150687,0.8961205036364769,0.8414438193419809,0.7495181072421695,0.9092651439509989
weight-only,4,3,0.9760909935004642,0.9728412256267409,0.9805013927576601,0.9835075493612079,0.015879412111395822,0.3365281832010854,0.7192015203594634,0.6486617482544634,0.765067895856605,0.7865783974116635,0.7325389214794982,0.8648193262163824,0.7170114273673835,0.6886929363151352,0.7621455845131861,0.732694536170523,0.6705257832058652,0.785511436390615
weight-only,2,3,0.5401578458681523,0.4596100278551532,0.6942896935933147,0.5182346109175378,0.009800242523299066,0.28913733914402007,0.26918861949616096,0.1268895490952581,0.3805907777183123,0.33501712703239445,0.2947646201968148,0.37269251771009587,0.4150981854520166,0.3922428656306941,0.4299408732283475,0.34363231938909616,0.18902460672655938,0.4293417891880072
membrane-only,8,3,0.9767873723305479,0.9749303621169917,0.9784122562674095,0.9832752613240419,1.0108303136419838,0.818690128684784,0.8452872955845107,0.7883631054037279,0.9245533606621498,0.8763255684538236,0.8279599803444324,0.9610393581198938,0.843339989316708,0.7658558703294207,0.9352232833375961,0.8577954074893515,0.8030190593239096,0.9254447842726844
membrane-only,4,3,0.9765552460538532,0.9763231197771588,0.9770194986072424,0.9835075493612079,1.031108192441877,0.7884718167989146,0.7259503489527495,0.6281790951106918,0.8037966107887596,0.772916138541648,0.7631179297391408,0.7799117206732636,0.7185190413945376,0.6683297926137788,0.7970866577854668,0.7427628137944656,0.6679799800814836,0.8195893966020009
membrane-only,2,3,0.9765552460538532,0.9749303621169917,0.979108635097493,0.9823461091753775,1.1079088175754477,0.7733626608559799,0.2997556544046601,0.10239299423397874,0.6267020787839541,0.5589447403554638,0.4657080207472678,0.6061062985752556,0.489731731127097,0.3436796347914387,0.6220383957923281,0.40417496609413983,0.10993813391967733,0.6424535259535616
joint,8,3,0.9772516248839369,0.9756267409470752,0.9798050139275766,0.9832752613240419,0.037115100487797904,0.25,0.7526149443342041,0.6736982552444123,0.8296455809150561,0.7789474106966653,0.764625701139314,0.8025565276469623,0.7489622615614687,0.7015373388343453,0.8251756045956642,0.7664874220235887,0.6928520189345153,0.8549187257063806
joint,4,3,0.9756267409470752,0.9714484679665738,0.9784122562674095,0.9835075493612079,0.016017192385078875,0.125,0.6964383101307625,0.5945852052679876,0.7512622818677637,0.752217263002558,0.7373031248074087,0.7620971739088257,0.6909272066436324,0.6452656688053718,0.7496961773425614,0.7152430905616542,0.6117440975624617,0.7805837879280918
joint,2,3,0.5399257195914577,0.4596100278551532,0.6901114206128134,0.5182346109175376,0.009969616967390809,0.0625,0.21734274426603753,0.07908902831951174,0.4529102069979311,0.33861947168856577,0.21564200744574072,0.46077931252439247,0.343999814150433,0.23927574764490028,0.39665105404004786,0.170547954908543,0.05746534910773139,0.37308469762078666
