model,class,recall,accuracy_mean,n_val
majority class,Blip,0.0,0.24111498257839722,1435
majority class,Extremely_Loud,1.0,0.24111498257839722,1435
majority class,Scattered_Light,0.0,0.24111498257839722,1435
majority class,Violin_Mode,0.0,0.24111498257839722,1435
logistic regression,Blip,0.9460227272727272,0.9003484320557491,1435
logistic regression,Extremely_Loud,0.9190751445086706,0.9003484320557491,1435
logistic regression,Scattered_Light,0.956989247311828,0.9003484320557491,1435
logistic regression,Violin_Mode,0.7808219178082192,0.9003484320557491,1435
random forest,Blip,0.9668560606060606,0.9477351916376305,1435
random forest,Extremely_Loud,0.9527938342967245,0.9477351916376305,1435
random forest,Scattered_Light,0.9551971326164875,0.9477351916376305,1435
random forest,Violin_Mode,0.9168949771689499,0.9477351916376305,1435
gradient boosting,Blip,0.9602272727272728,0.9477351916376305,1435
gradient boosting,Extremely_Loud,0.953757225433526,0.9477351916376305,1435
gradient boosting,Scattered_Light,0.9650537634408604,0.9477351916376305,1435
gradient boosting,Violin_Mode,0.9123287671232877,0.9477351916376305,1435
